/*
 Navicat Premium Data Transfer

 Source Server         : local
 Source Server Type    : MySQL
 Source Server Version : 80029
 Source Host           : localhost:3306
 Source Schema         : sentraldocs_db

 Target Server Type    : MySQL
 Target Server Version : 80029
 File Encoding         : 65001

 Date: 08/08/2022 10:49:14
*/

SET NAMES utf8mb4;
SET FOREIGN_KEY_CHECKS = 0;

-- ----------------------------
-- Table structure for assign_company
-- ----------------------------
DROP TABLE IF EXISTS `assign_company`;
CREATE TABLE `assign_company`  (
  `id` int NOT NULL AUTO_INCREMENT,
  `user_id` int NULL DEFAULT NULL,
  `company_id` int NULL DEFAULT NULL,
  `status` enum('N','Y') CHARACTER SET utf8mb4 COLLATE utf8mb4_general_ci NULL DEFAULT 'Y',
  `default` enum('N','Y') CHARACTER SET utf8mb4 COLLATE utf8mb4_general_ci NULL DEFAULT 'N',
  PRIMARY KEY (`id`) USING BTREE
) ENGINE = InnoDB AUTO_INCREMENT = 9 CHARACTER SET = utf8mb4 COLLATE = utf8mb4_general_ci ROW_FORMAT = Dynamic;

-- ----------------------------
-- Records of assign_company
-- ----------------------------
INSERT INTO `assign_company` VALUES (1, 2, 1, 'Y', 'Y');
INSERT INTO `assign_company` VALUES (2, 3, 1, 'Y', 'Y');
INSERT INTO `assign_company` VALUES (3, 4, 1, 'Y', 'Y');
INSERT INTO `assign_company` VALUES (4, 5, 1, 'Y', 'Y');
INSERT INTO `assign_company` VALUES (8, 6, 1, 'Y', 'Y');

-- ----------------------------
-- Table structure for ci_sessions
-- ----------------------------
DROP TABLE IF EXISTS `ci_sessions`;
CREATE TABLE `ci_sessions`  (
  `id` varchar(40) CHARACTER SET latin1 COLLATE latin1_swedish_ci NOT NULL,
  `ip_address` varchar(45) CHARACTER SET latin1 COLLATE latin1_swedish_ci NOT NULL,
  `timestamp` int UNSIGNED NOT NULL DEFAULT 0,
  `data` blob NOT NULL,
  PRIMARY KEY (`id`) USING BTREE,
  INDEX `ci_sessions_timestamp`(`timestamp` ASC) USING BTREE
) ENGINE = InnoDB CHARACTER SET = latin1 COLLATE = latin1_swedish_ci ROW_FORMAT = DYNAMIC;

-- ----------------------------
-- Records of ci_sessions
-- ----------------------------
INSERT INTO `ci_sessions` VALUES ('1kq4o8eq4to6c6mtmc7bkjs1hirnt98v', '127.0.0.1', 1659514168, 0x5F5F63695F6C6173745F726567656E65726174657C693A313635393530383235393B7265717565737465645F706167657C733A31393A2275736572736765745F7065727573616861616E223B70726576696F75735F706167657C733A32303A2275736572732F73657474696E672F637265617465223B6170705F73657373696F6E7C613A32303A7B733A373A2269645F75736572223B733A313A2232223B733A31313A22656D706C6F7965655F6964223B4E3B733A383A22757365726E616D65223B733A363A2268696B6D6174223B733A383A2270617373776F7264223B733A36303A2224327924313124305532767A4A695A46326941386A725348774B326265784C6778366835486F496A356834777259695671547056696A53615A334143223B733A353A22656D61696C223B733A32333A2268696B6D61742E616F6C69617240676D61696C2E636F6D223B733A393A2266756C6C5F6E616D65223B733A31323A2248696B6D617420416F6C6961223B733A373A2261646472657373223B733A37383A224A6C2E204C616E676761722049206E6F2E372052542F52572031302F30382C20506973616E67616E2054696D75722C2050756C6F676164756E672D4A616B617274612054696D7572203239323330223B733A343A2263697479223B733A31333A224A616B617274612054696D7572223B733A353A2270686F6E65223B733A31323A22303831333137343934333835223B733A323A226970223B733A393A223132372E302E302E31223B733A383A2267726F75705F6964223B733A313A2232223B733A353A2270686F746F223B733A31323A226D616C652D6465662E706E67223B733A31303A22637265617465645F6279223B733A313A2231223B733A31303A22637265617465645F6174223B733A31393A22323032312D30362D31382031343A32353A3030223B733A31313A226D6F6469666965645F6174223B4E3B733A31313A226D6F6469666965645F6279223B4E3B733A31303A2264656C657465645F6174223B4E3B733A31303A2264656C657465645F6279223B733A313A2230223B733A31303A226C6173745F6C6F67696E223B733A31393A22323032322D30382D30322030393A34313A3432223B733A363A22737461747573223B733A333A22414354223B7D64656661756C745F636F6D70616E797C4F3A383A22737464436C617373223A353A7B733A323A226964223B733A313A2231223B733A373A22757365725F6964223B733A313A2232223B733A31303A22636F6D70616E795F6964223B733A313A2231223B733A363A22737461747573223B733A313A2259223B733A373A2264656661756C74223B733A313A2259223B7D);
INSERT INTO `ci_sessions` VALUES ('33p6qg3i21kcqd76eka7q9e58mmti2vm', '127.0.0.1', 1659344064, 0x5F5F63695F6C6173745F726567656E65726174657C693A313635393334333230353B7265717565737465645F706167657C733A31313A2267726F7570736564697434223B70726576696F75735F706167657C733A363A2267726F757073223B6170705F73657373696F6E7C613A32303A7B733A373A2269645F75736572223B733A313A2232223B733A31313A22656D706C6F7965655F6964223B4E3B733A383A22757365726E616D65223B733A363A2268696B6D6174223B733A383A2270617373776F7264223B733A36303A2224327924313124305532767A4A695A46326941386A725348774B326265784C6778366835486F496A356834777259695671547056696A53615A334143223B733A353A22656D61696C223B733A32333A2268696B6D61742E616F6C69617240676D61696C2E636F6D223B733A393A2266756C6C5F6E616D65223B733A31323A2248696B6D617420416F6C6961223B733A373A2261646472657373223B733A37383A224A6C2E204C616E676761722049206E6F2E372052542F52572031302F30382C20506973616E67616E2054696D75722C2050756C6F676164756E672D4A616B617274612054696D7572203239323330223B733A343A2263697479223B733A31333A224A616B617274612054696D7572223B733A353A2270686F6E65223B733A31323A22303831333137343934333835223B733A323A226970223B733A393A223132372E302E302E31223B733A383A2267726F75705F6964223B733A313A2232223B733A353A2270686F746F223B733A31323A226D616C652D6465662E706E67223B733A31303A22637265617465645F6279223B733A313A2231223B733A31303A22637265617465645F6174223B733A31393A22323032312D30362D31382031343A32353A3030223B733A31313A226D6F6469666965645F6174223B4E3B733A31313A226D6F6469666965645F6279223B4E3B733A31303A2264656C657465645F6174223B4E3B733A31303A2264656C657465645F6279223B733A313A2230223B733A31303A226C6173745F6C6F67696E223B733A31393A22323032322D30382D30312030393A30373A3136223B733A363A22737461747573223B733A333A22414354223B7D64656661756C745F636F6D70616E797C4F3A383A22737464436C617373223A353A7B733A323A226964223B733A313A2231223B733A373A22757365725F6964223B733A313A2232223B733A31303A22636F6D70616E795F6964223B733A313A2231223B733A363A22737461747573223B733A313A2259223B733A373A2264656661756C74223B733A313A2259223B7D);
INSERT INTO `ci_sessions` VALUES ('3lhn4s8lgn5sjk3bhgi3d4qlrsurp2b8', '127.0.0.1', 1659408094, 0x5F5F63695F6C6173745F726567656E65726174657C693A313635393430383039343B7265717565737465645F706167657C733A343A22646F6373223B70726576696F75735F706167657C733A363A2267726F757073223B);
INSERT INTO `ci_sessions` VALUES ('4jbejutfb6nk1ipdsomha61e3cuka8u6', '127.0.0.1', 1659589604, 0x5F5F63695F6C6173745F726567656E65726174657C693A313635393538383530373B7265717565737465645F706167657C733A31363A22757365727373657474696E6773617665223B70726576696F75735F706167657C733A32303A2275736572732F73657474696E672F637265617465223B6170705F73657373696F6E7C613A32303A7B733A373A2269645F75736572223B733A313A2232223B733A31313A22656D706C6F7965655F6964223B4E3B733A383A22757365726E616D65223B733A363A2268696B6D6174223B733A383A2270617373776F7264223B733A36303A2224327924313124305532767A4A695A46326941386A725348774B326265784C6778366835486F496A356834777259695671547056696A53615A334143223B733A353A22656D61696C223B733A32333A2268696B6D61742E616F6C69617240676D61696C2E636F6D223B733A393A2266756C6C5F6E616D65223B733A31323A2248696B6D617420416F6C6961223B733A373A2261646472657373223B733A37383A224A6C2E204C616E676761722049206E6F2E372052542F52572031302F30382C20506973616E67616E2054696D75722C2050756C6F676164756E672D4A616B617274612054696D7572203239323330223B733A343A2263697479223B733A31333A224A616B617274612054696D7572223B733A353A2270686F6E65223B733A31323A22303831333137343934333835223B733A323A226970223B733A393A223132372E302E302E31223B733A383A2267726F75705F6964223B733A313A2232223B733A353A2270686F746F223B733A31323A226D616C652D6465662E706E67223B733A31303A22637265617465645F6279223B733A313A2231223B733A31303A22637265617465645F6174223B733A31393A22323032312D30362D31382031343A32353A3030223B733A31313A226D6F6469666965645F6174223B4E3B733A31313A226D6F6469666965645F6279223B4E3B733A31303A2264656C657465645F6174223B4E3B733A31303A2264656C657465645F6279223B733A313A2230223B733A31303A226C6173745F6C6F67696E223B733A31393A22323032322D30382D30342030393A32303A3531223B733A363A22737461747573223B733A333A22414354223B7D64656661756C745F636F6D70616E797C4F3A383A22737464436C617373223A353A7B733A323A226964223B733A313A2231223B733A373A22757365725F6964223B733A313A2232223B733A31303A22636F6D70616E795F6964223B733A313A2231223B733A363A22737461747573223B733A313A2259223B733A373A2264656661756C74223B733A313A2259223B7D);
INSERT INTO `ci_sessions` VALUES ('5e5dm3pq07492p2hvjg5g98h9jmqhm2f', '127.0.0.1', 1659606404, 0x5F5F63695F6C6173745F726567656E65726174657C693A313635393630353435393B7265717565737465645F706167657C733A33303A22646F63736E65775F666F6C64657230303036326337666431336264313231223B70726576696F75735F706167657C733A31313A22646F63732F637265617465223B6170705F73657373696F6E7C613A32303A7B733A373A2269645F75736572223B733A313A2235223B733A31313A22656D706C6F7965655F6964223B4E3B733A383A22757365726E616D65223B733A343A2274657374223B733A383A2270617373776F7264223B733A36303A2224327924313024504177676F43363341657435776576706D48416F634F6A4A456358666E63344D5771613763344F59487266696F316C666E56685136223B733A353A22656D61696C223B733A31333A2274657374406D61696C2E636F6D223B733A393A2266756C6C5F6E616D65223B733A393A22546573742055736572223B733A373A2261646472657373223B733A373A224A616B61727461223B733A343A2263697479223B733A373A224A616B61727461223B733A353A2270686F6E65223B733A31303A2230393032393334383831223B733A323A226970223B733A393A223132372E302E302E31223B733A383A2267726F75705F6964223B733A313A2232223B733A353A2270686F746F223B4E3B733A31303A22637265617465645F6279223B733A313A2232223B733A31303A22637265617465645F6174223B733A31393A22323032322D30382D30342031363A31333A3334223B733A31313A226D6F6469666965645F6174223B733A31393A22323032322D30382D30342031363A33323A3037223B733A31313A226D6F6469666965645F6279223B733A313A2232223B733A31303A2264656C657465645F6174223B4E3B733A31303A2264656C657465645F6279223B733A313A2230223B733A31303A226C6173745F6C6F67696E223B4E3B733A363A22737461747573223B733A333A22414354223B7D64656661756C745F636F6D70616E797C4F3A383A22737464436C617373223A353A7B733A323A226964223B733A313A2234223B733A373A22757365725F6964223B733A313A2235223B733A31303A22636F6D70616E795F6964223B733A313A2231223B733A363A22737461747573223B733A313A2259223B733A373A2264656661756C74223B733A313A2259223B7D);
INSERT INTO `ci_sessions` VALUES ('6d9phtnbqdkev81jmq14oe20gclc4fin', '127.0.0.1', 1659690650, 0x5F5F63695F6C6173745F726567656E65726174657C693A313635393638343833353B7265717565737465645F706167657C733A303A22223B70726576696F75735F706167657C733A353A226C6F67696E223B6170705F73657373696F6E7C613A31393A7B733A373A2269645F75736572223B733A313A2235223B733A31313A22656D706C6F7965655F6964223B4E3B733A383A22757365726E616D65223B733A343A2274657374223B733A383A2270617373776F7264223B733A36303A2224327924313024504177676F43363341657435776576706D48416F634F6A4A456358666E63344D5771613763344F59487266696F316C666E56685136223B733A353A22656D61696C223B733A31333A2274657374406D61696C2E636F6D223B733A393A2266756C6C5F6E616D65223B733A393A22546573742055736572223B733A373A2261646472657373223B733A373A224A616B61727461223B733A343A2263697479223B733A373A224A616B61727461223B733A353A2270686F6E65223B733A31303A2230393032393334383831223B733A323A226970223B733A393A223132372E302E302E31223B733A353A2270686F746F223B4E3B733A31303A22637265617465645F6279223B733A313A2232223B733A31303A22637265617465645F6174223B733A31393A22323032322D30382D30342031363A31333A3334223B733A31313A226D6F6469666965645F6174223B733A31393A22323032322D30382D30342031363A33323A3037223B733A31313A226D6F6469666965645F6279223B733A313A2232223B733A31303A2264656C657465645F6174223B4E3B733A31303A2264656C657465645F6279223B733A313A2230223B733A31303A226C6173745F6C6F67696E223B733A31393A22323032322D30382D30352030393A34383A3231223B733A363A22737461747573223B733A333A22414354223B7D64656661756C745F636F6D70616E797C4F3A383A22737464436C617373223A353A7B733A323A226964223B733A313A2234223B733A373A22757365725F6964223B733A313A2235223B733A31303A22636F6D70616E795F6964223B733A313A2231223B733A363A22737461747573223B733A313A2259223B733A373A2264656661756C74223B733A313A2259223B7D);
INSERT INTO `ci_sessions` VALUES ('73lqs9bcabbdhgi6d2f19cpqjf1hqrj1', '127.0.0.1', 1659069641, 0x5F5F63695F6C6173745F726567656E65726174657C693A313635393036343134343B7265717565737465645F706167657C733A343A22646F6373223B70726576696F75735F706167657C733A343A22646F6373223B6170705F73657373696F6E7C613A32303A7B733A373A2269645F75736572223B733A313A2232223B733A31313A22656D706C6F7965655F6964223B4E3B733A383A22757365726E616D65223B733A363A2268696B6D6174223B733A383A2270617373776F7264223B733A36303A2224327924313124305532767A4A695A46326941386A725348774B326265784C6778366835486F496A356834777259695671547056696A53615A334143223B733A353A22656D61696C223B733A32333A2268696B6D61742E616F6C69617240676D61696C2E636F6D223B733A393A2266756C6C5F6E616D65223B733A31323A2248696B6D617420416F6C6961223B733A373A2261646472657373223B733A37383A224A6C2E204C616E676761722049206E6F2E372052542F52572031302F30382C20506973616E67616E2054696D75722C2050756C6F676164756E672D4A616B617274612054696D7572203239323330223B733A343A2263697479223B733A31333A224A616B617274612054696D7572223B733A353A2270686F6E65223B733A31323A22303831333137343934333835223B733A323A226970223B733A393A223132372E302E302E31223B733A383A2267726F75705F6964223B733A313A2232223B733A353A2270686F746F223B733A31323A226D616C652D6465662E706E67223B733A31303A22637265617465645F6279223B733A313A2231223B733A31303A22637265617465645F6174223B733A31393A22323032312D30362D31382031343A32353A3030223B733A31313A226D6F6469666965645F6174223B4E3B733A31313A226D6F6469666965645F6279223B4E3B733A31303A2264656C657465645F6174223B4E3B733A31303A2264656C657465645F6279223B733A313A2230223B733A31303A226C6173745F6C6F67696E223B733A31393A22323032322D30372D32382031363A30393A3534223B733A363A22737461747573223B733A333A22414354223B7D64656661756C745F636F6D70616E797C4F3A383A22737464436C617373223A353A7B733A323A226964223B733A313A2231223B733A373A22757365725F6964223B733A313A2232223B733A31303A22636F6D70616E795F6964223B733A313A2231223B733A363A22737461747573223B733A313A2259223B733A373A2264656661756C74223B733A313A2259223B7D);
INSERT INTO `ci_sessions` VALUES ('76vnne1a05risuis3t23hvc9bugp8ctf', '127.0.0.1', 1659697575, 0x5F5F63695F6C6173745F726567656E65726174657C693A313635393639333036393B70726576696F75735F706167657C733A363A2267726F757073223B6170705F73657373696F6E7C4F3A383A22737464436C617373223A31393A7B733A373A2269645F75736572223B733A313A2235223B733A31313A22656D706C6F7965655F6964223B4E3B733A383A22757365726E616D65223B733A343A2274657374223B733A383A2270617373776F7264223B733A36303A2224327924313024504177676F43363341657435776576706D48416F634F6A4A456358666E63344D5771613763344F59487266696F316C666E56685136223B733A353A22656D61696C223B733A31333A2274657374406D61696C2E636F6D223B733A393A2266756C6C5F6E616D65223B733A393A22546573742055736572223B733A373A2261646472657373223B733A373A224A616B61727461223B733A343A2263697479223B733A373A224A616B61727461223B733A353A2270686F6E65223B733A31303A2230393032393334383831223B733A323A226970223B733A393A223132372E302E302E31223B733A353A2270686F746F223B4E3B733A31303A22637265617465645F6279223B733A313A2232223B733A31303A22637265617465645F6174223B733A31393A22323032322D30382D30342031363A31333A3334223B733A31313A226D6F6469666965645F6174223B733A31393A22323032322D30382D30342031363A33323A3037223B733A31313A226D6F6469666965645F6279223B733A313A2232223B733A31303A2264656C657465645F6174223B4E3B733A31303A2264656C657465645F6279223B733A313A2230223B733A31303A226C6173745F6C6F67696E223B733A31393A22323032322D30382D30352031363A35303A3539223B733A363A22737461747573223B733A333A22414354223B7D636F6D70616E797C4F3A383A22737464436C617373223A31353A7B733A31333A2269645F7065727573616861616E223B733A313A2231223B733A373A22696E697369616C223B733A333A22737363223B733A31333A226E6D5F7065727573616861616E223B733A32353A2253656E7472616C2053697374656D20436F6E73756C74696E67223B733A363A22616C616D6174223B733A3135343A224D2E542E20486172796F6E6F204B41562E31302C204D544820537175617265204C742E3341204E6F2E322C20436177616E672C2052542E362F52572E31322C204269646172612043696E612C204B6563616D6174616E204A6174696E65676172612C204B6F7461204A616B617274612054696D75722C20446165726168204B6875737573204962756B6F7461204A616B61727461203133333330223B733A343A226B6F7461223B4E3B733A373A226E6F5F74656C70223B4E3B733A333A22666178223B4E3B733A353A22656D61696C223B4E3B733A373A2277656273697465223B4E3B733A343A226C6F676F223B4E3B733A363A2267616D626172223B4E3B733A31303A22637265617465645F6F6E223B733A31393A22323032312D30382D30322031313A32353A3037223B733A31313A226D6F6469666965645F6F6E223B733A31393A22323032312D30382D30322031313A32383A3530223B733A31303A22637265617465645F6279223B733A323A223534223B733A31313A226D6F6469666965645F6279223B733A323A223534223B7D67726F75707C4F3A383A22737464436C617373223A363A7B733A383A2269645F67726F7570223B733A313A2232223B733A383A226E6D5F67726F7570223B733A353A2241646D696E223B733A333A226B6574223B733A31323A2247656E6572616C2055736572223B733A31303A22636F6D70616E795F6964223B733A313A2231223B733A343A22726F6C65223B733A313A2232223B733A363A22616374697665223B733A313A2259223B7D7265717565737465645F706167657C733A363A2267726F757073223B);
INSERT INTO `ci_sessions` VALUES ('8bet5c1lnmcij14p5ia3uvh4efhlr09p', '127.0.0.1', 1659930437, 0x5F5F63695F6C6173745F726567656E65726174657C693A313635393933303136313B70726576696F75735F706167657C733A32303A2275736572732F73657474696E672F637265617465223B6170705F73657373696F6E7C4F3A383A22737464436C617373223A31393A7B733A373A2269645F75736572223B733A313A2236223B733A31313A22656D706C6F7965655F6964223B4E3B733A383A22757365726E616D65223B733A333A226D6961223B733A383A2270617373776F7264223B733A36303A22243279243130242E51583731512E306350494A6B77597A5258593245756551684D7A7A2F6B417A784E6941527861352E4D6374736131527A724C636D223B733A353A22656D61696C223B733A32313A226D69614073656E7472616C73697374656D2E636F6D223B733A393A2266756C6C5F6E616D65223B733A333A224D6961223B733A373A2261646472657373223B733A313A222D223B733A343A2263697479223B733A313A222D223B733A353A2270686F6E65223B733A313A222D223B733A323A226970223B733A393A223132372E302E302E31223B733A353A2270686F746F223B4E3B733A31303A22637265617465645F6279223B733A313A2232223B733A31303A22637265617465645F6174223B733A31393A22323032322D30382D30382030393A32313A3537223B733A31313A226D6F6469666965645F6174223B4E3B733A31313A226D6F6469666965645F6279223B4E3B733A31303A2264656C657465645F6174223B4E3B733A31303A2264656C657465645F6279223B733A313A2230223B733A31303A226C6173745F6C6F67696E223B733A31393A22323032322D30382D30382030393A34313A3434223B733A363A22737461747573223B733A333A22414354223B7D636F6D70616E797C4F3A383A22737464436C617373223A31353A7B733A31333A2269645F7065727573616861616E223B733A313A2232223B733A373A22696E697369616C223B733A353A22737363616C223B733A31333A226E6D5F7065727573616861616E223B733A32363A2253656E7472616C2053697374656D2043616C6962726174696F6E223B733A363A22616C616D6174223B733A3134303A2243696B6172616E672053717561726520426C6F6B20422C204A616C616E20526179612043696B6172616E6720436962617275736168204E6F2E31312C2053756B617265736D692C2043696B6172616E672053656C6174616E2C205061736972736172692C2043696B6172616E672053656C2E2C2042656B6173692C204A617761204261726174203137353330223B733A343A226B6F7461223B4E3B733A373A226E6F5F74656C70223B4E3B733A333A22666178223B4E3B733A353A22656D61696C223B4E3B733A373A2277656273697465223B4E3B733A343A226C6F676F223B4E3B733A363A2267616D626172223B4E3B733A31303A22637265617465645F6F6E223B733A31393A22323032312D30382D30322031313A33303A3037223B733A31313A226D6F6469666965645F6F6E223B4E3B733A31303A22637265617465645F6279223B733A323A223534223B733A31313A226D6F6469666965645F6279223B4E3B7D67726F75707C4F3A383A22737464436C617373223A363A7B733A383A2269645F67726F7570223B733A313A2232223B733A383A226E6D5F67726F7570223B733A353A2241646D696E223B733A333A226B6574223B733A31323A2247656E6572616C2055736572223B733A31303A22636F6D70616E795F6964223B733A313A2231223B733A343A22726F6C65223B733A313A2232223B733A363A22616374697665223B733A313A2259223B7D7265717565737465645F706167657C733A31323A22757365727373657474696E67223B);
INSERT INTO `ci_sessions` VALUES ('a1v484n6arr1v1vm46me81jado1eg2kd', '127.0.0.1', 1659666423, 0x5F5F63695F6C6173745F726567656E65726174657C693A313635393636363233303B7265717565737465645F706167657C733A303A22223B70726576696F75735F706167657C733A393A2264617368626F617264223B6170705F73657373696F6E7C613A32303A7B733A373A2269645F75736572223B733A313A2232223B733A31313A22656D706C6F7965655F6964223B4E3B733A383A22757365726E616D65223B733A363A2268696B6D6174223B733A383A2270617373776F7264223B733A36303A2224327924313124305532767A4A695A46326941386A725348774B326265784C6778366835486F496A356834777259695671547056696A53615A334143223B733A353A22656D61696C223B733A32333A2268696B6D61742E616F6C69617240676D61696C2E636F6D223B733A393A2266756C6C5F6E616D65223B733A31323A2248696B6D617420416F6C6961223B733A373A2261646472657373223B733A37383A224A6C2E204C616E676761722049206E6F2E372052542F52572031302F30382C20506973616E67616E2054696D75722C2050756C6F676164756E672D4A616B617274612054696D7572203239323330223B733A343A2263697479223B733A31333A224A616B617274612054696D7572223B733A353A2270686F6E65223B733A31323A22303831333137343934333835223B733A323A226970223B733A393A223132372E302E302E31223B733A383A2267726F75705F6964223B733A313A2232223B733A353A2270686F746F223B733A31323A226D616C652D6465662E706E67223B733A31303A22637265617465645F6279223B733A313A2231223B733A31303A22637265617465645F6174223B733A31393A22323032312D30362D31382031343A32353A3030223B733A31313A226D6F6469666965645F6174223B4E3B733A31313A226D6F6469666965645F6279223B4E3B733A31303A2264656C657465645F6174223B4E3B733A31303A2264656C657465645F6279223B733A313A2230223B733A31303A226C6173745F6C6F67696E223B733A31393A22323032322D30382D30342031313A34383A3335223B733A363A22737461747573223B733A333A22414354223B7D64656661756C745F636F6D70616E797C4F3A383A22737464436C617373223A353A7B733A323A226964223B733A313A2231223B733A373A22757365725F6964223B733A313A2232223B733A31303A22636F6D70616E795F6964223B733A313A2231223B733A363A22737461747573223B733A313A2259223B733A373A2264656661756C74223B733A313A2259223B7D);
INSERT INTO `ci_sessions` VALUES ('c7j93d2u9bnl0m6kj13795pjiio7sb0d', '127.0.0.1', 1659686691, 0x5F5F63695F6C6173745F726567656E65726174657C693A313635393638363639313B);
INSERT INTO `ci_sessions` VALUES ('ck0js11no5vfdkjvp4l9cdd8ftsb2s8f', '127.0.0.1', 1659408187, 0x5F5F63695F6C6173745F726567656E65726174657C693A313635393430383039343B7265717565737465645F706167657C733A31373A22646F637364656C6574655F666F6C646572223B70726576696F75735F706167657C733A31313A22646F63732F637265617465223B6170705F73657373696F6E7C613A32303A7B733A373A2269645F75736572223B733A313A2232223B733A31313A22656D706C6F7965655F6964223B4E3B733A383A22757365726E616D65223B733A363A2268696B6D6174223B733A383A2270617373776F7264223B733A36303A2224327924313124305532767A4A695A46326941386A725348774B326265784C6778366835486F496A356834777259695671547056696A53615A334143223B733A353A22656D61696C223B733A32333A2268696B6D61742E616F6C69617240676D61696C2E636F6D223B733A393A2266756C6C5F6E616D65223B733A31323A2248696B6D617420416F6C6961223B733A373A2261646472657373223B733A37383A224A6C2E204C616E676761722049206E6F2E372052542F52572031302F30382C20506973616E67616E2054696D75722C2050756C6F676164756E672D4A616B617274612054696D7572203239323330223B733A343A2263697479223B733A31333A224A616B617274612054696D7572223B733A353A2270686F6E65223B733A31323A22303831333137343934333835223B733A323A226970223B733A393A223132372E302E302E31223B733A383A2267726F75705F6964223B733A313A2232223B733A353A2270686F746F223B733A31323A226D616C652D6465662E706E67223B733A31303A22637265617465645F6279223B733A313A2231223B733A31303A22637265617465645F6174223B733A31393A22323032312D30362D31382031343A32353A3030223B733A31313A226D6F6469666965645F6174223B4E3B733A31313A226D6F6469666965645F6279223B4E3B733A31303A2264656C657465645F6174223B4E3B733A31303A2264656C657465645F6279223B733A313A2230223B733A31303A226C6173745F6C6F67696E223B733A31393A22323032322D30382D30312031343A30303A3038223B733A363A22737461747573223B733A333A22414354223B7D64656661756C745F636F6D70616E797C4F3A383A22737464436C617373223A353A7B733A323A226964223B733A313A2231223B733A373A22757365725F6964223B733A313A2232223B733A31303A22636F6D70616E795F6964223B733A313A2231223B733A363A22737461747573223B733A313A2259223B733A373A2264656661756C74223B733A313A2259223B7D);
INSERT INTO `ci_sessions` VALUES ('e8errqordlu530usftgah00s4njlava6', '127.0.0.1', 1659606825, 0x5F5F63695F6C6173745F726567656E65726174657C693A313635393630323336323B7265717565737465645F706167657C733A31313A2267726F7570736564697433223B70726576696F75735F706167657C733A363A2267726F757073223B6170705F73657373696F6E7C613A32303A7B733A373A2269645F75736572223B733A313A2232223B733A31313A22656D706C6F7965655F6964223B4E3B733A383A22757365726E616D65223B733A363A2268696B6D6174223B733A383A2270617373776F7264223B733A36303A2224327924313124305532767A4A695A46326941386A725348774B326265784C6778366835486F496A356834777259695671547056696A53615A334143223B733A353A22656D61696C223B733A32333A2268696B6D61742E616F6C69617240676D61696C2E636F6D223B733A393A2266756C6C5F6E616D65223B733A31323A2248696B6D617420416F6C6961223B733A373A2261646472657373223B733A37383A224A6C2E204C616E676761722049206E6F2E372052542F52572031302F30382C20506973616E67616E2054696D75722C2050756C6F676164756E672D4A616B617274612054696D7572203239323330223B733A343A2263697479223B733A31333A224A616B617274612054696D7572223B733A353A2270686F6E65223B733A31323A22303831333137343934333835223B733A323A226970223B733A393A223132372E302E302E31223B733A383A2267726F75705F6964223B733A313A2232223B733A353A2270686F746F223B733A31323A226D616C652D6465662E706E67223B733A31303A22637265617465645F6279223B733A313A2231223B733A31303A22637265617465645F6174223B733A31393A22323032312D30362D31382031343A32353A3030223B733A31313A226D6F6469666965645F6174223B4E3B733A31313A226D6F6469666965645F6279223B4E3B733A31303A2264656C657465645F6174223B4E3B733A31303A2264656C657465645F6279223B733A313A2230223B733A31303A226C6173745F6C6F67696E223B733A31393A22323032322D30382D30342030393A32303A3531223B733A363A22737461747573223B733A333A22414354223B7D64656661756C745F636F6D70616E797C4F3A383A22737464436C617373223A353A7B733A323A226964223B733A313A2231223B733A373A22757365725F6964223B733A313A2232223B733A31303A22636F6D70616E795F6964223B733A313A2231223B733A363A22737461747573223B733A313A2259223B733A373A2264656661756C74223B733A313A2259223B7D);
INSERT INTO `ci_sessions` VALUES ('esbsjt2sri090sso0aepb06618e6f420', '127.0.0.1', 1659092628, 0x5F5F63695F6C6173745F726567656E65726174657C693A313635393039313139333B7265717565737465645F706167657C733A343A22646F6373223B70726576696F75735F706167657C733A343A22646F6373223B6170705F73657373696F6E7C613A32303A7B733A373A2269645F75736572223B733A313A2232223B733A31313A22656D706C6F7965655F6964223B4E3B733A383A22757365726E616D65223B733A363A2268696B6D6174223B733A383A2270617373776F7264223B733A36303A2224327924313124305532767A4A695A46326941386A725348774B326265784C6778366835486F496A356834777259695671547056696A53615A334143223B733A353A22656D61696C223B733A32333A2268696B6D61742E616F6C69617240676D61696C2E636F6D223B733A393A2266756C6C5F6E616D65223B733A31323A2248696B6D617420416F6C6961223B733A373A2261646472657373223B733A37383A224A6C2E204C616E676761722049206E6F2E372052542F52572031302F30382C20506973616E67616E2054696D75722C2050756C6F676164756E672D4A616B617274612054696D7572203239323330223B733A343A2263697479223B733A31333A224A616B617274612054696D7572223B733A353A2270686F6E65223B733A31323A22303831333137343934333835223B733A323A226970223B733A393A223132372E302E302E31223B733A383A2267726F75705F6964223B733A313A2232223B733A353A2270686F746F223B733A31323A226D616C652D6465662E706E67223B733A31303A22637265617465645F6279223B733A313A2231223B733A31303A22637265617465645F6174223B733A31393A22323032312D30362D31382031343A32353A3030223B733A31313A226D6F6469666965645F6174223B4E3B733A31313A226D6F6469666965645F6279223B4E3B733A31303A2264656C657465645F6174223B4E3B733A31303A2264656C657465645F6279223B733A313A2230223B733A31303A226C6173745F6C6F67696E223B733A31393A22323032322D30372D32392031303A30393A3132223B733A363A22737461747573223B733A333A22414354223B7D64656661756C745F636F6D70616E797C4F3A383A22737464436C617373223A353A7B733A323A226964223B733A313A2231223B733A373A22757365725F6964223B733A313A2232223B733A31303A22636F6D70616E795F6964223B733A313A2231223B733A363A22737461747573223B733A313A2259223B733A373A2264656661756C74223B733A313A2259223B7D);
INSERT INTO `ci_sessions` VALUES ('fnnqqb83v8k00lc22ks89pn8nkj03smk', '127.0.0.1', 1659667945, 0x5F5F63695F6C6173745F726567656E65726174657C693A313635393636373733363B70726576696F75735F706167657C733A353A226C6F67696E223B);
INSERT INTO `ci_sessions` VALUES ('giq1ngqtlsaoa4c52t6i6drh9520vktl', '127.0.0.1', 1659343197, 0x5F5F63695F6C6173745F726567656E65726174657C693A313635393333373230333B7265717565737465645F706167657C733A31313A2267726F7570736564697432223B70726576696F75735F706167657C733A31333A2267726F7570732F656469742F32223B6170705F73657373696F6E7C613A32303A7B733A373A2269645F75736572223B733A313A2232223B733A31313A22656D706C6F7965655F6964223B4E3B733A383A22757365726E616D65223B733A363A2268696B6D6174223B733A383A2270617373776F7264223B733A36303A2224327924313124305532767A4A695A46326941386A725348774B326265784C6778366835486F496A356834777259695671547056696A53615A334143223B733A353A22656D61696C223B733A32333A2268696B6D61742E616F6C69617240676D61696C2E636F6D223B733A393A2266756C6C5F6E616D65223B733A31323A2248696B6D617420416F6C6961223B733A373A2261646472657373223B733A37383A224A6C2E204C616E676761722049206E6F2E372052542F52572031302F30382C20506973616E67616E2054696D75722C2050756C6F676164756E672D4A616B617274612054696D7572203239323330223B733A343A2263697479223B733A31333A224A616B617274612054696D7572223B733A353A2270686F6E65223B733A31323A22303831333137343934333835223B733A323A226970223B733A393A223132372E302E302E31223B733A383A2267726F75705F6964223B733A313A2232223B733A353A2270686F746F223B733A31323A226D616C652D6465662E706E67223B733A31303A22637265617465645F6279223B733A313A2231223B733A31303A22637265617465645F6174223B733A31393A22323032312D30362D31382031343A32353A3030223B733A31313A226D6F6469666965645F6174223B4E3B733A31313A226D6F6469666965645F6279223B4E3B733A31303A2264656C657465645F6174223B4E3B733A31303A2264656C657465645F6279223B733A313A2230223B733A31303A226C6173745F6C6F67696E223B733A31393A22323032322D30382D30312030393A30373A3136223B733A363A22737461747573223B733A333A22414354223B7D64656661756C745F636F6D70616E797C4F3A383A22737464436C617373223A353A7B733A323A226964223B733A313A2231223B733A373A22757365725F6964223B733A313A2232223B733A31303A22636F6D70616E795F6964223B733A313A2231223B733A363A22737461747573223B733A313A2259223B733A373A2264656661756C74223B733A313A2259223B7D);
INSERT INTO `ci_sessions` VALUES ('kdjh4nso8j8qd2n5nh2baidgkloack68', '127.0.0.1', 1659519028, 0x5F5F63695F6C6173745F726567656E65726174657C693A313635393531343534383B7265717565737465645F706167657C733A31383A22757365727373657474696E67637265617465223B70726576696F75735F706167657C733A32303A2275736572732F73657474696E672F637265617465223B6170705F73657373696F6E7C613A32303A7B733A373A2269645F75736572223B733A313A2232223B733A31313A22656D706C6F7965655F6964223B4E3B733A383A22757365726E616D65223B733A363A2268696B6D6174223B733A383A2270617373776F7264223B733A36303A2224327924313124305532767A4A695A46326941386A725348774B326265784C6778366835486F496A356834777259695671547056696A53615A334143223B733A353A22656D61696C223B733A32333A2268696B6D61742E616F6C69617240676D61696C2E636F6D223B733A393A2266756C6C5F6E616D65223B733A31323A2248696B6D617420416F6C6961223B733A373A2261646472657373223B733A37383A224A6C2E204C616E676761722049206E6F2E372052542F52572031302F30382C20506973616E67616E2054696D75722C2050756C6F676164756E672D4A616B617274612054696D7572203239323330223B733A343A2263697479223B733A31333A224A616B617274612054696D7572223B733A353A2270686F6E65223B733A31323A22303831333137343934333835223B733A323A226970223B733A393A223132372E302E302E31223B733A383A2267726F75705F6964223B733A313A2232223B733A353A2270686F746F223B733A31323A226D616C652D6465662E706E67223B733A31303A22637265617465645F6279223B733A313A2231223B733A31303A22637265617465645F6174223B733A31393A22323032312D30362D31382031343A32353A3030223B733A31313A226D6F6469666965645F6174223B4E3B733A31313A226D6F6469666965645F6279223B4E3B733A31303A2264656C657465645F6174223B4E3B733A31303A2264656C657465645F6279223B733A313A2230223B733A31303A226C6173745F6C6F67696E223B733A31393A22323032322D30382D30322030393A34313A3432223B733A363A22737461747573223B733A333A22414354223B7D64656661756C745F636F6D70616E797C4F3A383A22737464436C617373223A353A7B733A323A226964223B733A313A2231223B733A373A22757365725F6964223B733A313A2232223B733A31303A22636F6D70616E795F6964223B733A313A2231223B733A363A22737461747573223B733A313A2259223B733A373A2264656661756C74223B733A313A2259223B7D);
INSERT INTO `ci_sessions` VALUES ('ktrg3g4p1snnqrrfppadnt1o1dhno5ig', '127.0.0.1', 1659414348, 0x5F5F63695F6C6173745F726567656E65726174657C693A313635393431343334373B7265717565737465645F706167657C733A31303A22646F6373637265617465223B70726576696F75735F706167657C733A343A22646F6373223B6170705F73657373696F6E7C613A32303A7B733A373A2269645F75736572223B733A313A2232223B733A31313A22656D706C6F7965655F6964223B4E3B733A383A22757365726E616D65223B733A363A2268696B6D6174223B733A383A2270617373776F7264223B733A36303A2224327924313124305532767A4A695A46326941386A725348774B326265784C6778366835486F496A356834777259695671547056696A53615A334143223B733A353A22656D61696C223B733A32333A2268696B6D61742E616F6C69617240676D61696C2E636F6D223B733A393A2266756C6C5F6E616D65223B733A31323A2248696B6D617420416F6C6961223B733A373A2261646472657373223B733A37383A224A6C2E204C616E676761722049206E6F2E372052542F52572031302F30382C20506973616E67616E2054696D75722C2050756C6F676164756E672D4A616B617274612054696D7572203239323330223B733A343A2263697479223B733A31333A224A616B617274612054696D7572223B733A353A2270686F6E65223B733A31323A22303831333137343934333835223B733A323A226970223B733A393A223132372E302E302E31223B733A383A2267726F75705F6964223B733A313A2232223B733A353A2270686F746F223B733A31323A226D616C652D6465662E706E67223B733A31303A22637265617465645F6279223B733A313A2231223B733A31303A22637265617465645F6174223B733A31393A22323032312D30362D31382031343A32353A3030223B733A31313A226D6F6469666965645F6174223B4E3B733A31313A226D6F6469666965645F6279223B4E3B733A31303A2264656C657465645F6174223B4E3B733A31303A2264656C657465645F6279223B733A313A2230223B733A31303A226C6173745F6C6F67696E223B733A31393A22323032322D30382D30312031343A30303A3038223B733A363A22737461747573223B733A333A22414354223B7D64656661756C745F636F6D70616E797C4F3A383A22737464436C617373223A353A7B733A323A226964223B733A313A2231223B733A373A22757365725F6964223B733A313A2232223B733A31303A22636F6D70616E795F6964223B733A313A2231223B733A363A22737461747573223B733A313A2259223B733A373A2264656661756C74223B733A313A2259223B7D);
INSERT INTO `ci_sessions` VALUES ('oodee0v7gc0emiaeaimsvqo3s154k9up', '127.0.0.1', 1659507437, 0x5F5F63695F6C6173745F726567656E65726174657C693A313635393439383336383B7265717565737465645F706167657C733A31343A22646F63736C6F61645F66696C6530223B70726576696F75735F706167657C733A31313A22646F63732F637265617465223B6170705F73657373696F6E7C613A32303A7B733A373A2269645F75736572223B733A313A2232223B733A31313A22656D706C6F7965655F6964223B4E3B733A383A22757365726E616D65223B733A363A2268696B6D6174223B733A383A2270617373776F7264223B733A36303A2224327924313124305532767A4A695A46326941386A725348774B326265784C6778366835486F496A356834777259695671547056696A53615A334143223B733A353A22656D61696C223B733A32333A2268696B6D61742E616F6C69617240676D61696C2E636F6D223B733A393A2266756C6C5F6E616D65223B733A31323A2248696B6D617420416F6C6961223B733A373A2261646472657373223B733A37383A224A6C2E204C616E676761722049206E6F2E372052542F52572031302F30382C20506973616E67616E2054696D75722C2050756C6F676164756E672D4A616B617274612054696D7572203239323330223B733A343A2263697479223B733A31333A224A616B617274612054696D7572223B733A353A2270686F6E65223B733A31323A22303831333137343934333835223B733A323A226970223B733A393A223132372E302E302E31223B733A383A2267726F75705F6964223B733A313A2232223B733A353A2270686F746F223B733A31323A226D616C652D6465662E706E67223B733A31303A22637265617465645F6279223B733A313A2231223B733A31303A22637265617465645F6174223B733A31393A22323032312D30362D31382031343A32353A3030223B733A31313A226D6F6469666965645F6174223B4E3B733A31313A226D6F6469666965645F6279223B4E3B733A31303A2264656C657465645F6174223B4E3B733A31303A2264656C657465645F6279223B733A313A2230223B733A31303A226C6173745F6C6F67696E223B733A31393A22323032322D30382D30322030393A34313A3432223B733A363A22737461747573223B733A333A22414354223B7D64656661756C745F636F6D70616E797C4F3A383A22737464436C617373223A353A7B733A323A226964223B733A313A2231223B733A373A22757365725F6964223B733A313A2232223B733A31303A22636F6D70616E795F6964223B733A313A2231223B733A363A22737461747573223B733A313A2259223B733A373A2264656661756C74223B733A313A2259223B7D);
INSERT INTO `ci_sessions` VALUES ('ql1u1ik1adp09v90c1305v1k4u5c47ju', '127.0.0.1', 1659091015, 0x5F5F63695F6C6173745F726567656E65726174657C693A313635393038343531373B7265717565737465645F706167657C733A32393A22646F63736C6F61645F66696C6530303036326337666431336264313231223B70726576696F75735F706167657C733A31313A22646F63732F637265617465223B6170705F73657373696F6E7C613A32303A7B733A373A2269645F75736572223B733A313A2232223B733A31313A22656D706C6F7965655F6964223B4E3B733A383A22757365726E616D65223B733A363A2268696B6D6174223B733A383A2270617373776F7264223B733A36303A2224327924313124305532767A4A695A46326941386A725348774B326265784C6778366835486F496A356834777259695671547056696A53615A334143223B733A353A22656D61696C223B733A32333A2268696B6D61742E616F6C69617240676D61696C2E636F6D223B733A393A2266756C6C5F6E616D65223B733A31323A2248696B6D617420416F6C6961223B733A373A2261646472657373223B733A37383A224A6C2E204C616E676761722049206E6F2E372052542F52572031302F30382C20506973616E67616E2054696D75722C2050756C6F676164756E672D4A616B617274612054696D7572203239323330223B733A343A2263697479223B733A31333A224A616B617274612054696D7572223B733A353A2270686F6E65223B733A31323A22303831333137343934333835223B733A323A226970223B733A393A223132372E302E302E31223B733A383A2267726F75705F6964223B733A313A2232223B733A353A2270686F746F223B733A31323A226D616C652D6465662E706E67223B733A31303A22637265617465645F6279223B733A313A2231223B733A31303A22637265617465645F6174223B733A31393A22323032312D30362D31382031343A32353A3030223B733A31313A226D6F6469666965645F6174223B4E3B733A31313A226D6F6469666965645F6279223B4E3B733A31303A2264656C657465645F6174223B4E3B733A31303A2264656C657465645F6279223B733A313A2230223B733A31303A226C6173745F6C6F67696E223B733A31393A22323032322D30372D32392031303A30393A3132223B733A363A22737461747573223B733A333A22414354223B7D64656661756C745F636F6D70616E797C4F3A383A22737464436C617373223A353A7B733A323A226964223B733A313A2231223B733A373A22757365725F6964223B733A313A2232223B733A31303A22636F6D70616E795F6964223B733A313A2231223B733A363A22737461747573223B733A313A2259223B733A373A2264656661756C74223B733A313A2259223B7D);
INSERT INTO `ci_sessions` VALUES ('r3imbqcnldjolisrgktp3654t3ocfkda', '127.0.0.1', 1659583755, 0x5F5F63695F6C6173745F726567656E65726174657C693A313635393537393633343B7265717565737465645F706167657C733A31383A22757365727373657474696E67637265617465223B70726576696F75735F706167657C733A31333A2275736572732F73657474696E67223B6170705F73657373696F6E7C613A32303A7B733A373A2269645F75736572223B733A313A2232223B733A31313A22656D706C6F7965655F6964223B4E3B733A383A22757365726E616D65223B733A363A2268696B6D6174223B733A383A2270617373776F7264223B733A36303A2224327924313124305532767A4A695A46326941386A725348774B326265784C6778366835486F496A356834777259695671547056696A53615A334143223B733A353A22656D61696C223B733A32333A2268696B6D61742E616F6C69617240676D61696C2E636F6D223B733A393A2266756C6C5F6E616D65223B733A31323A2248696B6D617420416F6C6961223B733A373A2261646472657373223B733A37383A224A6C2E204C616E676761722049206E6F2E372052542F52572031302F30382C20506973616E67616E2054696D75722C2050756C6F676164756E672D4A616B617274612054696D7572203239323330223B733A343A2263697479223B733A31333A224A616B617274612054696D7572223B733A353A2270686F6E65223B733A31323A22303831333137343934333835223B733A323A226970223B733A393A223132372E302E302E31223B733A383A2267726F75705F6964223B733A313A2232223B733A353A2270686F746F223B733A31323A226D616C652D6465662E706E67223B733A31303A22637265617465645F6279223B733A313A2231223B733A31303A22637265617465645F6174223B733A31393A22323032312D30362D31382031343A32353A3030223B733A31313A226D6F6469666965645F6174223B4E3B733A31313A226D6F6469666965645F6279223B4E3B733A31303A2264656C657465645F6174223B4E3B733A31303A2264656C657465645F6279223B733A313A2230223B733A31303A226C6173745F6C6F67696E223B733A31393A22323032322D30382D30332031303A34363A3239223B733A363A22737461747573223B733A333A22414354223B7D64656661756C745F636F6D70616E797C4F3A383A22737464436C617373223A353A7B733A323A226964223B733A313A2231223B733A373A22757365725F6964223B733A313A2232223B733A31303A22636F6D70616E795F6964223B733A313A2231223B733A363A22737461747573223B733A313A2259223B733A373A2264656661756C74223B733A313A2259223B7D);
INSERT INTO `ci_sessions` VALUES ('rdq4k85v8gojbc5ah44dvg9foptsc0sm', '127.0.0.1', 1659083782, 0x5F5F63695F6C6173745F726567656E65726174657C693A313635393037383138383B7265717565737465645F706167657C733A303A22223B70726576696F75735F706167657C733A353A226C6F67696E223B6170705F73657373696F6E7C613A32303A7B733A373A2269645F75736572223B733A313A2232223B733A31313A22656D706C6F7965655F6964223B4E3B733A383A22757365726E616D65223B733A363A2268696B6D6174223B733A383A2270617373776F7264223B733A36303A2224327924313124305532767A4A695A46326941386A725348774B326265784C6778366835486F496A356834777259695671547056696A53615A334143223B733A353A22656D61696C223B733A32333A2268696B6D61742E616F6C69617240676D61696C2E636F6D223B733A393A2266756C6C5F6E616D65223B733A31323A2248696B6D617420416F6C6961223B733A373A2261646472657373223B733A37383A224A6C2E204C616E676761722049206E6F2E372052542F52572031302F30382C20506973616E67616E2054696D75722C2050756C6F676164756E672D4A616B617274612054696D7572203239323330223B733A343A2263697479223B733A31333A224A616B617274612054696D7572223B733A353A2270686F6E65223B733A31323A22303831333137343934333835223B733A323A226970223B733A393A223132372E302E302E31223B733A383A2267726F75705F6964223B733A313A2232223B733A353A2270686F746F223B733A31323A226D616C652D6465662E706E67223B733A31303A22637265617465645F6279223B733A313A2231223B733A31303A22637265617465645F6174223B733A31393A22323032312D30362D31382031343A32353A3030223B733A31313A226D6F6469666965645F6174223B4E3B733A31313A226D6F6469666965645F6279223B4E3B733A31303A2264656C657465645F6174223B4E3B733A31303A2264656C657465645F6279223B733A313A2230223B733A31303A226C6173745F6C6F67696E223B733A31393A22323032322D30372D32392031303A30393A3132223B733A363A22737461747573223B733A333A22414354223B7D64656661756C745F636F6D70616E797C4F3A383A22737464436C617373223A353A7B733A323A226964223B733A313A2231223B733A373A22757365725F6964223B733A313A2232223B733A31303A22636F6D70616E795F6964223B733A313A2231223B733A363A22737461747573223B733A313A2259223B733A373A2264656661756C74223B733A313A2259223B7D);
INSERT INTO `ci_sessions` VALUES ('se5u1ph4temvequijort40smvt63o391', '127.0.0.1', 1659319636, 0x5F5F63695F6C6173745F726567656E65726174657C693A313635393331393632373B7265717565737465645F706167657C733A303A22223B70726576696F75735F706167657C733A353A226C6F67696E223B6170705F73657373696F6E7C613A32303A7B733A373A2269645F75736572223B733A313A2232223B733A31313A22656D706C6F7965655F6964223B4E3B733A383A22757365726E616D65223B733A363A2268696B6D6174223B733A383A2270617373776F7264223B733A36303A2224327924313124305532767A4A695A46326941386A725348774B326265784C6778366835486F496A356834777259695671547056696A53615A334143223B733A353A22656D61696C223B733A32333A2268696B6D61742E616F6C69617240676D61696C2E636F6D223B733A393A2266756C6C5F6E616D65223B733A31323A2248696B6D617420416F6C6961223B733A373A2261646472657373223B733A37383A224A6C2E204C616E676761722049206E6F2E372052542F52572031302F30382C20506973616E67616E2054696D75722C2050756C6F676164756E672D4A616B617274612054696D7572203239323330223B733A343A2263697479223B733A31333A224A616B617274612054696D7572223B733A353A2270686F6E65223B733A31323A22303831333137343934333835223B733A323A226970223B733A393A223132372E302E302E31223B733A383A2267726F75705F6964223B733A313A2232223B733A353A2270686F746F223B733A31323A226D616C652D6465662E706E67223B733A31303A22637265617465645F6279223B733A313A2231223B733A31303A22637265617465645F6174223B733A31393A22323032312D30362D31382031343A32353A3030223B733A31313A226D6F6469666965645F6174223B4E3B733A31313A226D6F6469666965645F6279223B4E3B733A31303A2264656C657465645F6174223B4E3B733A31303A2264656C657465645F6279223B733A313A2230223B733A31303A226C6173745F6C6F67696E223B733A31393A22323032322D30372D32392031343A30333A3136223B733A363A22737461747573223B733A333A22414354223B7D64656661756C745F636F6D70616E797C4F3A383A22737464436C617373223A353A7B733A323A226964223B733A313A2231223B733A373A22757365725F6964223B733A313A2232223B733A31303A22636F6D70616E795F6964223B733A313A2231223B733A363A22737461747573223B733A313A2259223B733A373A2264656661756C74223B733A313A2259223B7D);
INSERT INTO `ci_sessions` VALUES ('vi8evjvlrlpf3ku4ohj7j041mlb0e07c', '127.0.0.1', 1659600143, 0x5F5F63695F6C6173745F726567656E65726174657C693A313635393539343732313B7265717565737465645F706167657C733A31373A22757365727373657474696E676564697431223B70726576696F75735F706167657C733A31333A2275736572732F73657474696E67223B6170705F73657373696F6E7C613A32303A7B733A373A2269645F75736572223B733A313A2232223B733A31313A22656D706C6F7965655F6964223B4E3B733A383A22757365726E616D65223B733A363A2268696B6D6174223B733A383A2270617373776F7264223B733A36303A2224327924313124305532767A4A695A46326941386A725348774B326265784C6778366835486F496A356834777259695671547056696A53615A334143223B733A353A22656D61696C223B733A32333A2268696B6D61742E616F6C69617240676D61696C2E636F6D223B733A393A2266756C6C5F6E616D65223B733A31323A2248696B6D617420416F6C6961223B733A373A2261646472657373223B733A37383A224A6C2E204C616E676761722049206E6F2E372052542F52572031302F30382C20506973616E67616E2054696D75722C2050756C6F676164756E672D4A616B617274612054696D7572203239323330223B733A343A2263697479223B733A31333A224A616B617274612054696D7572223B733A353A2270686F6E65223B733A31323A22303831333137343934333835223B733A323A226970223B733A393A223132372E302E302E31223B733A383A2267726F75705F6964223B733A313A2232223B733A353A2270686F746F223B733A31323A226D616C652D6465662E706E67223B733A31303A22637265617465645F6279223B733A313A2231223B733A31303A22637265617465645F6174223B733A31393A22323032312D30362D31382031343A32353A3030223B733A31313A226D6F6469666965645F6174223B4E3B733A31313A226D6F6469666965645F6279223B4E3B733A31303A2264656C657465645F6174223B4E3B733A31303A2264656C657465645F6279223B733A313A2230223B733A31303A226C6173745F6C6F67696E223B733A31393A22323032322D30382D30342030393A32303A3531223B733A363A22737461747573223B733A333A22414354223B7D64656661756C745F636F6D70616E797C4F3A383A22737464436C617373223A353A7B733A323A226964223B733A313A2231223B733A373A22757365725F6964223B733A313A2232223B733A31303A22636F6D70616E795F6964223B733A313A2231223B733A363A22737461747573223B733A313A2259223B733A373A2264656661756C74223B733A313A2259223B7D);

-- ----------------------------
-- Table structure for companies
-- ----------------------------
DROP TABLE IF EXISTS `companies`;
CREATE TABLE `companies`  (
  `id_perusahaan` int NOT NULL AUTO_INCREMENT,
  `inisial` varchar(255) CHARACTER SET utf8 COLLATE utf8_general_ci NULL DEFAULT NULL,
  `nm_perusahaan` varchar(255) CHARACTER SET utf8 COLLATE utf8_general_ci NULL DEFAULT NULL,
  `alamat` text CHARACTER SET utf8 COLLATE utf8_general_ci NULL,
  `kota` varchar(45) CHARACTER SET utf8 COLLATE utf8_general_ci NULL DEFAULT NULL,
  `no_telp` varchar(255) CHARACTER SET utf8 COLLATE utf8_general_ci NULL DEFAULT NULL,
  `fax` varchar(255) CHARACTER SET utf8 COLLATE utf8_general_ci NULL DEFAULT NULL,
  `email` varchar(255) CHARACTER SET utf8 COLLATE utf8_general_ci NULL DEFAULT NULL,
  `website` varchar(255) CHARACTER SET utf8 COLLATE utf8_general_ci NULL DEFAULT NULL,
  `logo` varchar(255) CHARACTER SET utf8 COLLATE utf8_general_ci NULL DEFAULT NULL,
  `gambar` varchar(255) CHARACTER SET utf8 COLLATE utf8_general_ci NULL DEFAULT NULL,
  `created_on` datetime NULL DEFAULT NULL,
  `modified_on` datetime NULL DEFAULT NULL,
  `created_by` bigint NULL DEFAULT NULL,
  `modified_by` bigint NULL DEFAULT NULL,
  PRIMARY KEY (`id_perusahaan`) USING BTREE
) ENGINE = InnoDB AUTO_INCREMENT = 12 CHARACTER SET = utf8 COLLATE = utf8_general_ci ROW_FORMAT = DYNAMIC;

-- ----------------------------
-- Records of companies
-- ----------------------------
INSERT INTO `companies` VALUES (1, 'ssc', 'Sentral Sistem Consulting', 'M.T. Haryono KAV.10, MTH Square Lt.3A No.2, Cawang, RT.6/RW.12, Bidara Cina, Kecamatan Jatinegara, Kota Jakarta Timur, Daerah Khusus Ibukota Jakarta 13330', NULL, NULL, NULL, NULL, NULL, NULL, NULL, '2021-08-02 11:25:07', '2021-08-02 11:28:50', 54, 54);
INSERT INTO `companies` VALUES (2, 'sscal', 'Sentral Sistem Calibration', 'Cikarang Square Blok B, Jalan Raya Cikarang Cibarusah No.11, Sukaresmi, Cikarang Selatan, Pasirsari, Cikarang Sel., Bekasi, Jawa Barat 17530', NULL, NULL, NULL, NULL, NULL, NULL, NULL, '2021-08-02 11:30:07', NULL, 54, NULL);
INSERT INTO `companies` VALUES (3, 'JPS', 'Jaya Proteksindo Sakti', '', NULL, NULL, NULL, NULL, NULL, NULL, NULL, '2021-08-05 09:23:44', NULL, 54, NULL);
INSERT INTO `companies` VALUES (4, 'CL', 'Cikarang Listrindo', '', NULL, NULL, NULL, NULL, NULL, NULL, NULL, '2021-08-13 08:47:58', NULL, 54, NULL);
INSERT INTO `companies` VALUES (5, 'OPC', 'PT Ori Polytec Composites', '', NULL, NULL, NULL, NULL, NULL, NULL, NULL, '2021-08-16 10:53:30', NULL, 61, NULL);
INSERT INTO `companies` VALUES (6, 'MP', 'Metalsindo Pacific', '', NULL, NULL, NULL, NULL, NULL, NULL, NULL, '2021-08-18 14:06:15', NULL, 61, NULL);
INSERT INTO `companies` VALUES (7, 'Metalsindo', 'Metalsindo', '', NULL, NULL, NULL, NULL, NULL, NULL, NULL, '2022-04-14 15:10:31', NULL, 96, NULL);
INSERT INTO `companies` VALUES (8, 'WKR', 'PT. Waskita Karya Realty', '', NULL, NULL, NULL, NULL, NULL, NULL, NULL, '2022-04-21 14:01:55', NULL, 75, NULL);
INSERT INTO `companies` VALUES (9, 'YTI', 'PT Yachiyo Trimitra Indonesia', '', NULL, NULL, NULL, NULL, NULL, NULL, NULL, '2022-04-21 14:08:33', NULL, 74, NULL);
INSERT INTO `companies` VALUES (10, 'ASKI', 'PT. Asahi Seiren Indonesia', '', NULL, NULL, NULL, NULL, NULL, NULL, NULL, '2022-04-21 14:08:51', NULL, 70, NULL);
INSERT INTO `companies` VALUES (11, 'KJM', 'PT. Kirana Jaya Multi', '', NULL, NULL, NULL, NULL, NULL, NULL, NULL, '2022-04-21 14:14:08', NULL, 70, NULL);

-- ----------------------------
-- Table structure for company_brancs
-- ----------------------------
DROP TABLE IF EXISTS `company_brancs`;
CREATE TABLE `company_brancs`  (
  `id_cabang` int NOT NULL AUTO_INCREMENT,
  `nm_cabang` varchar(255) CHARACTER SET utf8 COLLATE utf8_general_ci NULL DEFAULT NULL,
  `id_perusahaan` int NULL DEFAULT NULL,
  `alamat` text CHARACTER SET utf8 COLLATE utf8_general_ci NULL,
  `kota` varchar(45) CHARACTER SET utf8 COLLATE utf8_general_ci NULL DEFAULT NULL,
  `no_telp` varchar(255) CHARACTER SET utf8 COLLATE utf8_general_ci NULL DEFAULT NULL,
  `fax` varchar(255) CHARACTER SET utf8 COLLATE utf8_general_ci NULL DEFAULT NULL,
  `email` varchar(255) CHARACTER SET utf8 COLLATE utf8_general_ci NULL DEFAULT NULL,
  `website` varchar(255) CHARACTER SET utf8 COLLATE utf8_general_ci NULL DEFAULT NULL,
  `logo` varchar(255) CHARACTER SET utf8 COLLATE utf8_general_ci NULL DEFAULT NULL,
  `gambar` varchar(255) CHARACTER SET utf8 COLLATE utf8_general_ci NULL DEFAULT NULL,
  `created_on` datetime NULL DEFAULT NULL,
  `modified_on` datetime NULL DEFAULT NULL,
  `created_by` bigint NULL DEFAULT NULL,
  `modified_by` bigint NULL DEFAULT NULL,
  `inisial` varchar(255) CHARACTER SET utf8 COLLATE utf8_general_ci NULL DEFAULT NULL,
  PRIMARY KEY (`id_cabang`) USING BTREE
) ENGINE = InnoDB AUTO_INCREMENT = 14 CHARACTER SET = utf8 COLLATE = utf8_general_ci ROW_FORMAT = DYNAMIC;

-- ----------------------------
-- Records of company_brancs
-- ----------------------------
INSERT INTO `company_brancs` VALUES (1, 'Cawang', 1, 'M.T. Haryono KAV.10, MTH Square Lt.3A No.2, Cawang, RT.6/RW.12, Bidara Cina, Kecamatan Jatinegara, Kota Jakarta Timur, Daerah Khusus Ibukota Jakarta 13330', NULL, NULL, NULL, NULL, NULL, NULL, NULL, '2021-08-03 08:24:14', '2021-08-03 13:18:22', 54, 54, 'ssc-cawang');
INSERT INTO `company_brancs` VALUES (2, 'Cikarang', 2, 'Cikarang Square Blok B, Jalan Raya Cikarang Cibarusah No.11, Sukaresmi, Cikarang Selatan, Pasirsari, Cikarang Sel., Bekasi, Jawa Barat 17530', NULL, NULL, NULL, NULL, NULL, NULL, NULL, '2021-08-03 08:26:50', '2021-09-03 14:41:36', 54, 54, 'sscal');
INSERT INTO `company_brancs` VALUES (3, 'Cawang', 2, 'M.T. Haryono KAV.10, MTH Square Lt.3A No.2, Cawang, RT.6/RW.12, Bidara Cina, Kecamatan Jatinegara, Kota Jakarta Timur, Daerah Khusus Ibukota Jakarta 13330', NULL, NULL, NULL, NULL, NULL, NULL, NULL, '2021-08-03 09:17:45', '2021-08-03 14:34:55', 54, 54, 'sscal-cawang');
INSERT INTO `company_brancs` VALUES (5, 'Jaya Proteksindo Sakti - Holding', 3, 'Jl. Kramat Raya, RT.4/RW.2, Kramat, Kec. Senen, Kota Jakarta Pusat, Daerah Khusus Ibukota Jakarta 10450', NULL, NULL, NULL, NULL, NULL, NULL, NULL, '2021-08-05 09:31:49', NULL, 54, NULL, 'JPS-Holding');
INSERT INTO `company_brancs` VALUES (6, 'Cikarang Listrindo', 4, 'Jl. Jababeka Raya, Blok R, Wangunharja, Kec. Cikarang Utara, Bekasi, Jawa Barat 17550', NULL, NULL, NULL, NULL, NULL, NULL, NULL, '2021-08-13 08:49:22', NULL, 54, NULL, 'CL');
INSERT INTO `company_brancs` VALUES (7, 'ORI POLYTEC COMPOSITES', 5, 'Cikarang Selatan, Cikarang, Bekasi, Jawa barat', NULL, NULL, NULL, NULL, NULL, NULL, NULL, '2021-08-16 10:54:34', NULL, 61, NULL, 'OPC');
INSERT INTO `company_brancs` VALUES (8, 'Metalsindo Pacific', 6, 'Jl. Jababeka XIV No.J/10H, Harja Mekar, Kec. Cikarang Utara, Bekasi, Jawa Barat 17530', NULL, NULL, NULL, NULL, NULL, NULL, NULL, '2021-08-18 14:07:19', NULL, 61, NULL, 'MP');
INSERT INTO `company_brancs` VALUES (9, 'Metalsindo', 7, '', NULL, NULL, NULL, NULL, NULL, NULL, NULL, '2022-04-14 15:11:16', NULL, 96, NULL, '');
INSERT INTO `company_brancs` VALUES (10, 'Head Office', 8, 'Gedung Waskita Rajawali Tower', NULL, NULL, NULL, NULL, NULL, NULL, NULL, '2022-04-21 14:03:21', NULL, 75, NULL, 'HO');
INSERT INTO `company_brancs` VALUES (11, 'YTI KIM', 9, 'Jl. Mitra Sel., Parungmulya, Kec. Ciampel, Kabupaten Karawang, Jawa Barat 41363', NULL, NULL, NULL, NULL, NULL, NULL, NULL, '2022-04-21 14:10:15', NULL, 74, NULL, 'YTI KIM');
INSERT INTO `company_brancs` VALUES (12, 'Head Office', 10, 'JL. Surya Madya 3, Kav D/1-4, Teluk Jambe, 41361, Kutanegara, Kec. Ciampel, Kabupaten Karawang, Jawa Barat 41361', NULL, NULL, NULL, NULL, NULL, NULL, NULL, '2022-04-21 14:10:35', NULL, 70, NULL, 'KRW');
INSERT INTO `company_brancs` VALUES (13, 'Head Office', 11, 'Jalan Ramin Raya Blok G.6 No.10 Delta Silicon 6 Industrial Park, Cikarang, Bekasi, Jawa Barat', NULL, NULL, NULL, NULL, NULL, NULL, NULL, '2022-04-21 14:15:01', NULL, 70, NULL, 'DTS');

-- ----------------------------
-- Table structure for directory
-- ----------------------------
DROP TABLE IF EXISTS `directory`;
CREATE TABLE `directory`  (
  `id` varchar(20) CHARACTER SET utf8mb4 COLLATE utf8mb4_general_ci NOT NULL,
  `parent_id` varchar(20) CHARACTER SET utf8mb4 COLLATE utf8mb4_general_ci NULL DEFAULT NULL,
  `name` varchar(100) CHARACTER SET utf8mb4 COLLATE utf8mb4_general_ci NULL DEFAULT NULL,
  `description` varchar(255) CHARACTER SET utf8mb4 COLLATE utf8mb4_general_ci NULL DEFAULT NULL,
  `flag_type` enum('FILE','FOLDER','LINK') CHARACTER SET utf8mb4 COLLATE utf8mb4_unicode_ci NULL DEFAULT 'FOLDER',
  `link` text CHARACTER SET utf8mb4 COLLATE utf8mb4_general_ci NULL,
  `doc` varchar(255) CHARACTER SET utf8mb4 COLLATE utf8mb4_general_ci NULL DEFAULT NULL,
  `file_name` varchar(100) CHARACTER SET utf8mb4 COLLATE utf8mb4_general_ci NULL DEFAULT NULL,
  `ext` varchar(5) CHARACTER SET utf8mb4 COLLATE utf8mb4_general_ci NULL DEFAULT NULL,
  `active` enum('Y','N') CHARACTER SET utf8mb4 COLLATE utf8mb4_general_ci NULL DEFAULT 'Y',
  `size` float NULL DEFAULT NULL,
  `flag_record` enum('N','Y') CHARACTER SET utf8mb4 COLLATE utf8mb4_general_ci NULL DEFAULT 'N',
  `company_id` int NULL DEFAULT NULL,
  `prepared_by` int NULL DEFAULT NULL,
  `reviewer_id` int NULL DEFAULT NULL,
  `approval_id` int NULL DEFAULT NULL,
  `distribute_id` varchar(100) CHARACTER SET utf8mb4 COLLATE utf8mb4_general_ci NULL DEFAULT NULL,
  `status` enum('OPN','REV','COR','APV','DEL','PUB') CHARACTER SET utf8mb4 COLLATE utf8mb4_general_ci NULL DEFAULT 'OPN',
  `reviewed_by` int NULL DEFAULT NULL,
  `reviewed_at` datetime NULL DEFAULT NULL,
  `approved_by` int NULL DEFAULT NULL,
  `approved_at` datetime NULL DEFAULT NULL,
  `picture` varchar(255) CHARACTER SET utf8mb4 COLLATE utf8mb4_general_ci NULL DEFAULT NULL,
  `created_by` int NULL DEFAULT NULL,
  `created_at` datetime NULL DEFAULT NULL,
  `modified_by` int NULL DEFAULT NULL,
  `modified_at` datetime NULL DEFAULT NULL,
  PRIMARY KEY (`id`) USING BTREE
) ENGINE = InnoDB CHARACTER SET = utf8mb4 COLLATE = utf8mb4_general_ci ROW_FORMAT = Dynamic;

-- ----------------------------
-- Records of directory
-- ----------------------------
INSERT INTO `directory` VALUES ('00062c7fd13bd121', '0', 'MANUAL DAN PERATURAN PERUSAHAAN', NULL, 'FOLDER', NULL, NULL, NULL, NULL, 'Y', NULL, 'N', NULL, NULL, NULL, NULL, NULL, 'OPN', NULL, NULL, NULL, NULL, 'manual-peraturan.png', NULL, '2022-07-01 10:56:53', NULL, NULL);
INSERT INTO `directory` VALUES ('00062c7fd5b2984', '00062c7fd5bb37a1', 'Peraturan Perundangan K3', NULL, 'LINK', 'https://jdih.kemnaker.go.id/keselamatan-kerja.html', NULL, NULL, NULL, 'Y', NULL, 'N', NULL, NULL, NULL, NULL, NULL, 'OPN', NULL, NULL, NULL, NULL, NULL, NULL, '2022-07-04 10:57:00', NULL, NULL);
INSERT INTO `directory` VALUES ('00062c7fd5b8239', '00062c7fd5bb37a1', 'Peraturan Perundangan Lingkungan', NULL, 'LINK', 'https://jdih.esdm.go.id/', NULL, NULL, NULL, 'Y', NULL, 'N', NULL, NULL, NULL, NULL, NULL, 'OPN', NULL, NULL, NULL, NULL, NULL, NULL, '2022-07-04 10:57:00', NULL, NULL);
INSERT INTO `directory` VALUES ('00062c7fd5bb37a1', '0', 'STANDARD DAN PERATURAN', NULL, 'FOLDER', NULL, NULL, NULL, NULL, 'Y', NULL, 'N', NULL, NULL, NULL, NULL, NULL, 'OPN', NULL, NULL, NULL, NULL, 'standard.png', NULL, '2022-07-04 10:57:00', NULL, NULL);
INSERT INTO `directory` VALUES ('00062c7fd5bb37e3', '0', 'MATERI TRAINING', NULL, 'FOLDER', NULL, NULL, NULL, NULL, 'Y', NULL, 'N', NULL, NULL, NULL, NULL, NULL, 'OPN', NULL, NULL, NULL, NULL, 'training.png', NULL, '2022-07-03 10:57:04', NULL, NULL);
INSERT INTO `directory` VALUES ('00062c7fd5bb381e', '0', 'PROSEDUR, FORM, IK DAN RECORD', NULL, 'FOLDER', NULL, NULL, NULL, NULL, 'Y', NULL, 'N', NULL, NULL, NULL, NULL, NULL, 'OPN', NULL, NULL, NULL, NULL, 'prosedur.png', NULL, '2022-07-02 10:57:12', NULL, NULL);
INSERT INTO `directory` VALUES ('0762dfc0ea60180', '62dfc0d2251be', 'Test', 'Test', 'FILE', NULL, NULL, 'e6899d3995da2d046ed61e070ff6b5e8.pdf', '.pdf', 'Y', 90, 'N', NULL, 2, 6, 6, '6', 'OPN', NULL, NULL, NULL, NULL, NULL, 3, '2022-07-26 17:24:42', NULL, NULL);
INSERT INTO `directory` VALUES ('0762dfc17b77c71', '62dfc0d2251be', 'Test', 'Test', 'FILE', NULL, NULL, '3e5dbc144a196f90bd7236194bc5307d.pdf', '.pdf', 'Y', 90, 'N', NULL, 2, 6, 6, '6', 'REV', NULL, NULL, NULL, NULL, NULL, 3, '2022-07-26 17:27:07', 3, '2022-07-26 18:06:47');
INSERT INTO `directory` VALUES ('0762e12aa63698b', '62e12a8e75a5f', 'File Baru OK', 'File Baru OK', 'FILE', NULL, NULL, '1574b2f823766a08b5bdee3f77c7ebda.pdf', '.pdf', 'Y', 90, 'N', 1, 2, 6, 6, '7', 'PUB', 2, '2022-07-27 19:13:16', NULL, NULL, NULL, 2, '2022-07-27 19:08:06', 2, '2022-07-27 19:13:50');
INSERT INTO `directory` VALUES ('0862f0747f04acf', '62f073c9f00a4', 'asd', 'asd', 'FILE', NULL, NULL, 'e95bf0f5e91f78c00388657ab96fa58e.pdf', '.pdf', 'Y', 90, 'Y', 1, 2, NULL, NULL, NULL, 'PUB', NULL, NULL, NULL, NULL, NULL, 6, '2022-08-08 09:27:11', NULL, NULL);
INSERT INTO `directory` VALUES ('0862f0774833048', '62f073c9f00a4', 'aasd', 'aasd', 'FILE', NULL, NULL, 'b171a48fac809f848a7cdf161014abb5.pdf', '.pdf', 'Y', 1345.93, 'Y', 1, 3, NULL, NULL, NULL, 'PUB', NULL, NULL, NULL, NULL, NULL, 6, '2022-08-08 09:39:04', NULL, NULL);
INSERT INTO `directory` VALUES ('0862f0781fe277b', '62f073c9f00a4', 'ew', 'ew', 'FILE', NULL, NULL, 'ec31740533a624cdbd3b1e723ee0039d.pdf', '.pdf', 'Y', 90, 'Y', 2, 2, NULL, NULL, NULL, 'PUB', NULL, NULL, NULL, NULL, NULL, 6, '2022-08-08 09:42:39', NULL, NULL);
INSERT INTO `directory` VALUES ('0862f080a1144fc', '62f07f72e9df6', 'asd', 'asd', 'FILE', NULL, NULL, 'aa501b24bbde7037ef66f8fca2e3511f.pdf', '.pdf', 'Y', 90, 'Y', 2, 3, NULL, NULL, NULL, 'PUB', NULL, NULL, NULL, NULL, NULL, 6, '2022-08-08 10:18:57', NULL, NULL);
INSERT INTO `directory` VALUES ('62dfc0d2251be', '00062c7fd13bd121', 'Peraturan aad Kebijakan', NULL, 'FOLDER', NULL, NULL, NULL, NULL, 'Y', NULL, 'N', 1, NULL, NULL, NULL, NULL, 'OPN', NULL, NULL, NULL, NULL, NULL, 3, '2022-07-26 17:24:18', NULL, NULL);
INSERT INTO `directory` VALUES ('62f073c9f00a4', '00062c7fd5bb381e', 'RECORD', NULL, 'FOLDER', NULL, NULL, NULL, NULL, 'Y', NULL, 'N', 1, NULL, NULL, NULL, NULL, 'OPN', NULL, NULL, NULL, NULL, NULL, 6, '2022-08-08 09:24:09', NULL, NULL);
INSERT INTO `directory` VALUES ('62f07f72e9df6', '00062c7fd5bb381e', 'new record', NULL, 'FOLDER', NULL, NULL, NULL, NULL, 'Y', NULL, 'N', 2, NULL, NULL, NULL, NULL, 'OPN', NULL, NULL, NULL, NULL, NULL, 6, '2022-08-08 10:13:54', NULL, NULL);

-- ----------------------------
-- Table structure for directory_log
-- ----------------------------
DROP TABLE IF EXISTS `directory_log`;
CREATE TABLE `directory_log`  (
  `id` int NOT NULL AUTO_INCREMENT,
  `directory_id` varchar(20) CHARACTER SET utf8mb4 COLLATE utf8mb4_general_ci NULL DEFAULT NULL,
  `status` enum('OPN','REV','COR','APV','DEL','PUB') CHARACTER SET utf8mb4 COLLATE utf8mb4_general_ci NULL DEFAULT 'OPN',
  `note` varchar(255) CHARACTER SET utf8mb4 COLLATE utf8mb4_general_ci NULL DEFAULT NULL,
  `updated_at` datetime NULL DEFAULT NULL,
  `updated_by` int NULL DEFAULT NULL,
  PRIMARY KEY (`id`) USING BTREE
) ENGINE = InnoDB AUTO_INCREMENT = 17 CHARACTER SET = utf8mb4 COLLATE = utf8mb4_general_ci ROW_FORMAT = Dynamic;

-- ----------------------------
-- Records of directory_log
-- ----------------------------
INSERT INTO `directory_log` VALUES (1, '0762dfc0ea60180', NULL, 'First Upload File', '2022-07-26 17:24:42', 3);
INSERT INTO `directory_log` VALUES (2, '0762dfc17b77c71', NULL, 'First Upload File', '2022-07-26 17:27:07', 3);
INSERT INTO `directory_log` VALUES (3, '0762dfc218746ca', 'OPN', 'First Upload File', '2022-07-26 17:29:44', 3);
INSERT INTO `directory_log` VALUES (4, '0762dfc23c4ec2c', 'OPN', 'First Upload File', '2022-07-26 17:30:20', 3);
INSERT INTO `directory_log` VALUES (6, '0762dfc17b77c71', 'REV', 'Processed to Review', '2022-07-26 18:06:47', 3);
INSERT INTO `directory_log` VALUES (7, '0762e12aa63698b', 'OPN', 'First Upload File', '2022-07-27 19:08:06', 2);
INSERT INTO `directory_log` VALUES (8, '0762e12aa63698b', 'REV', 'Processed to Review', '2022-07-27 19:10:51', 2);
INSERT INTO `directory_log` VALUES (9, '0762e12aa63698b', 'COR', 'point no 5 tidak benar', '2022-07-27 19:11:44', 2);
INSERT INTO `directory_log` VALUES (10, '0762e12aa63698b', 'REV', 'Re-upload File', '2022-07-27 19:12:36', 2);
INSERT INTO `directory_log` VALUES (11, '0762e12aa63698b', 'APV', 'Oke Lanjut', '2022-07-27 19:13:16', 2);
INSERT INTO `directory_log` VALUES (12, '0762e12aa63698b', 'PUB', 'Ready publish', '2022-07-27 19:13:50', 2);
INSERT INTO `directory_log` VALUES (13, '0862f0747f04acf', 'OPN', 'First Upload File', '2022-08-08 09:27:11', 6);
INSERT INTO `directory_log` VALUES (14, '0862f0774833048', 'PUB', 'First Upload File', '2022-08-08 09:39:04', 6);
INSERT INTO `directory_log` VALUES (15, '0862f0781fe277b', 'PUB', 'First Upload File', '2022-08-08 09:42:39', 6);
INSERT INTO `directory_log` VALUES (16, '0862f080a1144fc', 'PUB', 'First Upload File', '2022-08-08 10:18:57', 6);

-- ----------------------------
-- Table structure for distribusi
-- ----------------------------
DROP TABLE IF EXISTS `distribusi`;
CREATE TABLE `distribusi`  (
  `id` int NOT NULL AUTO_INCREMENT,
  `id_file` int NULL DEFAULT NULL,
  `id_jabatan` int NULL DEFAULT NULL,
  `id_user` int NULL DEFAULT NULL,
  `status_download` enum('N','Y') CHARACTER SET utf8 COLLATE utf8_general_ci NULL DEFAULT 'N',
  `downloaded_at` datetime NULL DEFAULT NULL,
  PRIMARY KEY (`id`) USING BTREE
) ENGINE = InnoDB AUTO_INCREMENT = 4 CHARACTER SET = utf8 COLLATE = utf8_general_ci ROW_FORMAT = DYNAMIC;

-- ----------------------------
-- Records of distribusi
-- ----------------------------
INSERT INTO `distribusi` VALUES (1, 0, 6, NULL, 'N', NULL);
INSERT INTO `distribusi` VALUES (2, 0, 7, NULL, 'N', NULL);
INSERT INTO `distribusi` VALUES (3, 2147483647, 7, NULL, 'N', NULL);

-- ----------------------------
-- Table structure for group_menus
-- ----------------------------
DROP TABLE IF EXISTS `group_menus`;
CREATE TABLE `group_menus`  (
  `id` int NOT NULL AUTO_INCREMENT,
  `group_id` int NOT NULL,
  `menu_id` int NOT NULL,
  `company_id` int NULL DEFAULT NULL,
  `read` int NOT NULL DEFAULT 0,
  `create` int NOT NULL DEFAULT 0,
  `update` int NOT NULL DEFAULT 0,
  `delete` int NOT NULL DEFAULT 0,
  `approve` int NULL DEFAULT 0,
  `download` int NULL DEFAULT 0,
  `created` datetime NULL DEFAULT NULL,
  `created_by` varchar(50) CHARACTER SET latin1 COLLATE latin1_swedish_ci NULL DEFAULT NULL,
  PRIMARY KEY (`id`) USING BTREE
) ENGINE = InnoDB AUTO_INCREMENT = 7 CHARACTER SET = latin1 COLLATE = latin1_swedish_ci ROW_FORMAT = Dynamic;

-- ----------------------------
-- Records of group_menus
-- ----------------------------
INSERT INTO `group_menus` VALUES (1, 2, 1, 1, 1, 0, 0, 0, 0, 0, NULL, NULL);
INSERT INTO `group_menus` VALUES (2, 2, 2, 1, 0, 0, 0, 0, 0, 0, NULL, NULL);
INSERT INTO `group_menus` VALUES (3, 2, 3, 1, 1, 0, 0, 0, 0, 0, NULL, NULL);
INSERT INTO `group_menus` VALUES (4, 2, 4, 1, 1, 0, 0, 0, 0, 0, NULL, NULL);
INSERT INTO `group_menus` VALUES (5, 2, 5, 1, 1, 0, 0, 0, 0, 0, NULL, NULL);
INSERT INTO `group_menus` VALUES (6, 2, 8, 1, 0, 0, 0, 0, 0, 0, NULL, NULL);

-- ----------------------------
-- Table structure for group_permissions
-- ----------------------------
DROP TABLE IF EXISTS `group_permissions`;
CREATE TABLE `group_permissions`  (
  `id_group` int NOT NULL,
  `id_permission` int NOT NULL,
  PRIMARY KEY (`id_group`, `id_permission`) USING BTREE
) ENGINE = InnoDB CHARACTER SET = latin1 COLLATE = latin1_swedish_ci ROW_FORMAT = DYNAMIC;

-- ----------------------------
-- Records of group_permissions
-- ----------------------------
INSERT INTO `group_permissions` VALUES (1, 1);

-- ----------------------------
-- Table structure for groups
-- ----------------------------
DROP TABLE IF EXISTS `groups`;
CREATE TABLE `groups`  (
  `id_group` int NOT NULL AUTO_INCREMENT,
  `nm_group` varchar(20) CHARACTER SET utf8 COLLATE utf8_general_ci NOT NULL,
  `ket` varchar(100) CHARACTER SET utf8 COLLATE utf8_general_ci NOT NULL,
  `company_id` int NULL DEFAULT NULL,
  `role` enum('1','2') CHARACTER SET utf8 COLLATE utf8_general_ci NULL DEFAULT '2' COMMENT 'default group for new user',
  `active` enum('N','Y') CHARACTER SET utf8 COLLATE utf8_general_ci NULL DEFAULT 'Y',
  PRIMARY KEY (`id_group`) USING BTREE
) ENGINE = InnoDB AUTO_INCREMENT = 5 CHARACTER SET = utf8 COLLATE = utf8_general_ci ROW_FORMAT = DYNAMIC;

-- ----------------------------
-- Records of groups
-- ----------------------------
INSERT INTO `groups` VALUES (1, 'Administrator', 'Super  Admin', NULL, '2', 'Y');
INSERT INTO `groups` VALUES (2, 'Admin', 'General User', 1, '2', 'Y');
INSERT INTO `groups` VALUES (3, 'Reviewer', 'Revewer', 1, '2', 'Y');
INSERT INTO `groups` VALUES (4, 'asd', 'asd', 1, '2', 'Y');

-- ----------------------------
-- Table structure for identitas
-- ----------------------------
DROP TABLE IF EXISTS `identitas`;
CREATE TABLE `identitas`  (
  `ididentitas` int NOT NULL AUTO_INCREMENT,
  `nm_perusahaan` varchar(255) CHARACTER SET utf8 COLLATE utf8_general_ci NULL DEFAULT NULL,
  `alamat` text CHARACTER SET utf8 COLLATE utf8_general_ci NULL,
  `kota` varchar(45) CHARACTER SET utf8 COLLATE utf8_general_ci NULL DEFAULT NULL,
  `no_telp` varchar(255) CHARACTER SET utf8 COLLATE utf8_general_ci NULL DEFAULT NULL,
  `fax` varchar(255) CHARACTER SET utf8 COLLATE utf8_general_ci NULL DEFAULT NULL,
  `email` varchar(255) CHARACTER SET utf8 COLLATE utf8_general_ci NULL DEFAULT NULL,
  `website` varchar(255) CHARACTER SET utf8 COLLATE utf8_general_ci NULL DEFAULT NULL,
  `logo` varchar(255) CHARACTER SET utf8 COLLATE utf8_general_ci NULL DEFAULT NULL,
  `gambar` varchar(255) CHARACTER SET utf8 COLLATE utf8_general_ci NULL DEFAULT NULL,
  PRIMARY KEY (`ididentitas`) USING BTREE
) ENGINE = InnoDB AUTO_INCREMENT = 2 CHARACTER SET = utf8 COLLATE = utf8_general_ci ROW_FORMAT = DYNAMIC;

-- ----------------------------
-- Records of identitas
-- ----------------------------
INSERT INTO `identitas` VALUES (1, 'Document Controller', '', 'Bogor', '', NULL, '', '', 'logo.png', NULL);

-- ----------------------------
-- Table structure for log_aktifitas
-- ----------------------------
DROP TABLE IF EXISTS `log_aktifitas`;
CREATE TABLE `log_aktifitas`  (
  `idlog` varchar(50) CHARACTER SET utf8 COLLATE utf8_general_ci NOT NULL,
  `kode_universal` varchar(50) CHARACTER SET utf8 COLLATE utf8_general_ci NULL DEFAULT NULL,
  `fasilitas` int NULL DEFAULT NULL,
  `ket` text CHARACTER SET utf8 COLLATE utf8_general_ci NULL COMMENT 'keterangan log / uraian kondisi',
  `jumlah` double NULL DEFAULT NULL COMMENT 'jumlah nominal jika memang terdapat jumlah nominal',
  `sql` text CHARACTER SET utf8 COLLATE utf8_general_ci NULL COMMENT 'menyimpan perintah SQL yang dieksekusi\n',
  `status` tinyint(1) NULL DEFAULT NULL,
  `created_on` datetime NULL DEFAULT NULL,
  `created_by` bigint NULL DEFAULT NULL,
  PRIMARY KEY (`idlog`) USING BTREE
) ENGINE = InnoDB CHARACTER SET = utf8 COLLATE = utf8_general_ci ROW_FORMAT = DYNAMIC;

-- ----------------------------
-- Records of log_aktifitas
-- ----------------------------

-- ----------------------------
-- Table structure for menu_permission
-- ----------------------------
DROP TABLE IF EXISTS `menu_permission`;
CREATE TABLE `menu_permission`  (
  `id` int NOT NULL,
  `group_id` int NULL DEFAULT NULL,
  `menu_id` int NULL DEFAULT NULL,
  `read` enum('N','Y') CHARACTER SET utf8mb4 COLLATE utf8mb4_general_ci NULL DEFAULT 'N',
  `create` enum('N','Y') CHARACTER SET utf8mb4 COLLATE utf8mb4_general_ci NULL DEFAULT 'N',
  `update` enum('N','Y') CHARACTER SET utf8mb4 COLLATE utf8mb4_general_ci NULL DEFAULT 'N',
  `delete` enum('N','Y') CHARACTER SET utf8mb4 COLLATE utf8mb4_general_ci NULL DEFAULT 'N',
  `approve` enum('N','Y') CHARACTER SET utf8mb4 COLLATE utf8mb4_general_ci NULL DEFAULT 'N',
  `download` enum('N','Y') CHARACTER SET utf8mb4 COLLATE utf8mb4_general_ci NULL DEFAULT 'N',
  PRIMARY KEY (`id`) USING BTREE
) ENGINE = InnoDB CHARACTER SET = utf8mb4 COLLATE = utf8mb4_general_ci ROW_FORMAT = Dynamic;

-- ----------------------------
-- Records of menu_permission
-- ----------------------------
INSERT INTO `menu_permission` VALUES (1, 2, 1, 'Y', 'N', 'N', 'N', 'N', 'N');
INSERT INTO `menu_permission` VALUES (2, 2, 2, 'Y', 'N', 'N', 'N', 'N', 'N');

-- ----------------------------
-- Table structure for menus
-- ----------------------------
DROP TABLE IF EXISTS `menus`;
CREATE TABLE `menus`  (
  `id` int NOT NULL AUTO_INCREMENT,
  `title` varchar(100) CHARACTER SET latin1 COLLATE latin1_swedish_ci NULL DEFAULT 'untitled link',
  `link` varchar(255) CHARACTER SET latin1 COLLATE latin1_swedish_ci NULL DEFAULT '#',
  `icon` varchar(45) CHARACTER SET latin1 COLLATE latin1_swedish_ci NULL DEFAULT 'fa fa-angle-right',
  `target` varchar(10) CHARACTER SET latin1 COLLATE latin1_swedish_ci NULL DEFAULT NULL COMMENT '0 = Internal\n1 = External',
  `group_menu` int NULL DEFAULT 0,
  `parent_id` int NULL DEFAULT 0,
  `permission_id` int NULL DEFAULT 1,
  `status` tinyint(1) NULL DEFAULT 1 COMMENT '0 = Inactive\n1 = Active',
  `order` int NULL DEFAULT NULL COMMENT 'the order of the menus',
  `created_on` datetime NULL DEFAULT NULL,
  `modified_on` datetime NULL DEFAULT NULL,
  `created_by` bigint NULL DEFAULT NULL,
  `modified_by` bigint NULL DEFAULT NULL,
  `pusat` int NOT NULL DEFAULT 0,
  PRIMARY KEY (`id`) USING BTREE
) ENGINE = InnoDB AUTO_INCREMENT = 158 CHARACTER SET = latin1 COLLATE = latin1_swedish_ci ROW_FORMAT = DYNAMIC;

-- ----------------------------
-- Records of menus
-- ----------------------------
INSERT INTO `menus` VALUES (1, 'Manage Documents', 'docs', 'far fa-file-alt', 'sametab', 1, 0, 410, 1, 1, '2016-10-30 01:30:47', '2020-04-19 11:03:40', 1, 1, 0);
INSERT INTO `menus` VALUES (2, 'Settings', '#', 'fa fa-cogs', 'sametab', 1, 0, 410, 1, 9, '2016-10-30 01:30:47', '2020-04-19 11:03:40', 1, 1, 0);
INSERT INTO `menus` VALUES (3, 'Users', 'users/setting', 'fa fa-angle-right', 'sametab', 1, 2, 410, 1, 4, '2016-10-30 01:30:47', '2020-04-19 11:03:57', 1, 1, 0);
INSERT INTO `menus` VALUES (4, 'Create Documents', 'docs/create', 'fa fa-angle-right', 'sametab', 1, 1, 410, 1, 1, NULL, NULL, NULL, NULL, 0);
INSERT INTO `menus` VALUES (5, 'Review Document', 'docs/review', 'fa fa-angle-right', 'sametab', 1, 1, 1, 1, 2, NULL, NULL, NULL, NULL, 0);
INSERT INTO `menus` VALUES (6, 'Correction Documents', 'docs/correction', 'fa fa-angle-right', 'sametab', 1, 1, 1, 1, 3, '2021-07-08 11:35:37', '2021-07-08 11:37:37', 54, 54, 0);
INSERT INTO `menus` VALUES (7, 'Approval Documents', 'docs/approval', 'fa fa-angle-right', 'sametab', 1, 1, 1, 1, 4, '2021-08-23 10:28:58', NULL, 54, NULL, 0);
INSERT INTO `menus` VALUES (8, 'Group', 'groups', 'fa fa-angle-right', 'sametab', 1, 2, 410, 1, 3, NULL, NULL, NULL, NULL, 0);
INSERT INTO `menus` VALUES (14, 'Menus', 'menus', 'fa fa-angle-right', 'sametab', 1, 2, 414, 1, 5, '2016-11-13 14:02:20', '2020-04-19 11:04:23', 1, 1, 0);
INSERT INTO `menus` VALUES (32, 'Documents', '#', 'fa fa-folder-open', 'sametab', 1, 0, 392, 0, 2, '2018-08-07 06:33:14', '2020-07-16 01:54:26', 1, 54, 0);
INSERT INTO `menus` VALUES (94, 'Permissions', 'permissions', 'fa fa-angle-right', 'sametab', 1, 2, 418, 1, 6, '2019-06-24 10:05:45', '2020-04-19 11:05:28', 1, 54, 0);
INSERT INTO `menus` VALUES (154, 'MoM', 'meeting/listmom', 'fa fa-angle-right', '_blank', 1, 32, 466, 0, 6, '2021-06-05 22:47:48', '2021-06-05 22:50:26', 54, 54, 0);
INSERT INTO `menus` VALUES (155, 'Cabang', 'cabang', 'fa fa-angle-right', 'sametab', 1, 2, 410, 1, 4, '2016-10-30 01:30:47', '2020-04-19 11:03:57', 1, 1, 0);
INSERT INTO `menus` VALUES (156, 'Jabatan', 'jabatan', 'fa fa-angle-right', 'sametab', 1, 2, 476, 1, 5, '2021-07-08 11:35:37', '2021-07-08 11:37:37', 54, 54, 0);
INSERT INTO `menus` VALUES (157, 'Perusahaan', 'perusahaan', 'fa fa-angle-right', 'sametab', 1, 2, 480, 1, 6, '2021-08-23 10:28:58', NULL, 54, NULL, 0);

-- ----------------------------
-- Table structure for pictures
-- ----------------------------
DROP TABLE IF EXISTS `pictures`;
CREATE TABLE `pictures`  (
  `id` int NOT NULL,
  `pictures` varchar(255) CHARACTER SET latin1 COLLATE latin1_swedish_ci NULL DEFAULT NULL,
  PRIMARY KEY (`id`) USING BTREE
) ENGINE = InnoDB CHARACTER SET = latin1 COLLATE = latin1_swedish_ci ROW_FORMAT = DYNAMIC;

-- ----------------------------
-- Records of pictures
-- ----------------------------
INSERT INTO `pictures` VALUES (1, 'icon-256x2561.png');
INSERT INTO `pictures` VALUES (2, 'document-correction.jpg');
INSERT INTO `pictures` VALUES (3, 'review-document.jpg');
INSERT INTO `pictures` VALUES (4, 'approval-document.jpg');

-- ----------------------------
-- Table structure for tbl_jabatan
-- ----------------------------
DROP TABLE IF EXISTS `tbl_jabatan`;
CREATE TABLE `tbl_jabatan`  (
  `id` int NOT NULL AUTO_INCREMENT,
  `nm_jabatan` varchar(255) CHARACTER SET latin1 COLLATE latin1_swedish_ci NULL DEFAULT NULL,
  `id_perusahaan` int NULL DEFAULT NULL,
  `id_cabang` int NULL DEFAULT NULL,
  PRIMARY KEY (`id`) USING BTREE
) ENGINE = InnoDB AUTO_INCREMENT = 32 CHARACTER SET = latin1 COLLATE = latin1_swedish_ci ROW_FORMAT = DYNAMIC;

-- ----------------------------
-- Records of tbl_jabatan
-- ----------------------------
INSERT INTO `tbl_jabatan` VALUES (6, 'MANAGEMENT REPRESENTATIVE', 1, 1);
INSERT INTO `tbl_jabatan` VALUES (7, 'KOORDINATOR IMPROVEMENT', 1, 1);
INSERT INTO `tbl_jabatan` VALUES (8, 'KOORDINATOR QUALITY', 1, 1);
INSERT INTO `tbl_jabatan` VALUES (9, 'KOORDINATOR HSE', 1, 1);
INSERT INTO `tbl_jabatan` VALUES (10, 'KOORDINATOR ENVIRONMENT IMPROVEMENT', 1, 1);
INSERT INTO `tbl_jabatan` VALUES (11, 'KOORDINATOR IT', 1, 1);
INSERT INTO `tbl_jabatan` VALUES (12, 'MANAGER SALES', 1, 1);
INSERT INTO `tbl_jabatan` VALUES (13, 'MANAGER MARKETING', 1, 1);
INSERT INTO `tbl_jabatan` VALUES (14, 'KOORDINATOR INFRASTRUKTUR', 1, 1);
INSERT INTO `tbl_jabatan` VALUES (15, 'HRD', 1, 1);
INSERT INTO `tbl_jabatan` VALUES (16, 'MANAGER FINANCE, ACCOUNTING & PURCHASING', 1, 1);
INSERT INTO `tbl_jabatan` VALUES (17, 'SUPERVISOR IT', 1, 1);
INSERT INTO `tbl_jabatan` VALUES (18, 'KOORDINATOR KENDARAAN', 1, 1);
INSERT INTO `tbl_jabatan` VALUES (19, 'KONSULTAN IMPROVEMENT', 1, 1);
INSERT INTO `tbl_jabatan` VALUES (20, 'KONSULTAN QUALITY', 1, 1);
INSERT INTO `tbl_jabatan` VALUES (21, 'KONSULTAN HSE', 1, 1);
INSERT INTO `tbl_jabatan` VALUES (22, 'KONSULTAN ENV. IMPROVEMENT', 1, 1);
INSERT INTO `tbl_jabatan` VALUES (23, 'STAFF IT', 1, 1);
INSERT INTO `tbl_jabatan` VALUES (24, 'STAFF SALES', 1, 1);
INSERT INTO `tbl_jabatan` VALUES (25, 'STAFF MARKETING', 1, 1);
INSERT INTO `tbl_jabatan` VALUES (26, 'STAFF INFRASTRUKTUR & 5S', 1, 1);
INSERT INTO `tbl_jabatan` VALUES (27, 'DRIVER', 1, 1);
INSERT INTO `tbl_jabatan` VALUES (28, 'STAFF FINANCE, ACCOUNTING & PURCHASING', 1, 1);
INSERT INTO `tbl_jabatan` VALUES (29, 'DIREKTUR', 1, 1);
INSERT INTO `tbl_jabatan` VALUES (30, 'Teknisi', 1, 1);
INSERT INTO `tbl_jabatan` VALUES (31, 'Direktur Marketing', 1, 1);

-- ----------------------------
-- Table structure for tbl_pejabat
-- ----------------------------
DROP TABLE IF EXISTS `tbl_pejabat`;
CREATE TABLE `tbl_pejabat`  (
  `id` int NOT NULL AUTO_INCREMENT,
  `id_jabatan` int NULL DEFAULT NULL,
  `id_user` int NULL DEFAULT NULL,
  `id_perusahaan` int NULL DEFAULT NULL,
  `id_cabang` int NULL DEFAULT NULL,
  PRIMARY KEY (`id`) USING BTREE
) ENGINE = InnoDB AUTO_INCREMENT = 45 CHARACTER SET = latin1 COLLATE = latin1_swedish_ci ROW_FORMAT = DYNAMIC;

-- ----------------------------
-- Records of tbl_pejabat
-- ----------------------------
INSERT INTO `tbl_pejabat` VALUES (1, 17, 54, NULL, NULL);
INSERT INTO `tbl_pejabat` VALUES (2, 6, 76, NULL, NULL);
INSERT INTO `tbl_pejabat` VALUES (3, 20, 76, NULL, NULL);
INSERT INTO `tbl_pejabat` VALUES (4, 20, 71, NULL, NULL);
INSERT INTO `tbl_pejabat` VALUES (5, 29, 65, NULL, NULL);
INSERT INTO `tbl_pejabat` VALUES (6, 12, 63, 1, 1);
INSERT INTO `tbl_pejabat` VALUES (7, 10, 75, NULL, NULL);
INSERT INTO `tbl_pejabat` VALUES (8, 11, 79, NULL, NULL);
INSERT INTO `tbl_pejabat` VALUES (9, 12, 63, NULL, NULL);
INSERT INTO `tbl_pejabat` VALUES (10, 12, 63, NULL, NULL);
INSERT INTO `tbl_pejabat` VALUES (11, 10, 75, NULL, NULL);
INSERT INTO `tbl_pejabat` VALUES (12, 20, 71, NULL, NULL);
INSERT INTO `tbl_pejabat` VALUES (13, 20, 76, NULL, NULL);
INSERT INTO `tbl_pejabat` VALUES (14, 19, 62, NULL, NULL);
INSERT INTO `tbl_pejabat` VALUES (15, 19, 66, NULL, NULL);
INSERT INTO `tbl_pejabat` VALUES (16, 13, 63, NULL, NULL);
INSERT INTO `tbl_pejabat` VALUES (17, 14, 83, NULL, NULL);
INSERT INTO `tbl_pejabat` VALUES (18, 15, 85, NULL, NULL);
INSERT INTO `tbl_pejabat` VALUES (19, 6, 76, 1, 1);
INSERT INTO `tbl_pejabat` VALUES (21, 7, 65, 1, 1);
INSERT INTO `tbl_pejabat` VALUES (22, 8, 65, 1, 1);
INSERT INTO `tbl_pejabat` VALUES (23, 9, 74, 1, 1);
INSERT INTO `tbl_pejabat` VALUES (24, 10, 75, 1, 1);
INSERT INTO `tbl_pejabat` VALUES (25, 11, 79, 1, 1);
INSERT INTO `tbl_pejabat` VALUES (26, 13, 63, 1, 1);
INSERT INTO `tbl_pejabat` VALUES (27, 6, 75, 1, 1);
INSERT INTO `tbl_pejabat` VALUES (28, 14, 83, 1, 1);
INSERT INTO `tbl_pejabat` VALUES (29, 15, 85, 1, 1);
INSERT INTO `tbl_pejabat` VALUES (30, 16, 90, 1, 1);
INSERT INTO `tbl_pejabat` VALUES (31, 17, 54, 1, 1);
INSERT INTO `tbl_pejabat` VALUES (32, 18, 86, 1, 1);
INSERT INTO `tbl_pejabat` VALUES (33, 19, 67, 1, 1);
INSERT INTO `tbl_pejabat` VALUES (34, 19, 66, 1, 1);
INSERT INTO `tbl_pejabat` VALUES (35, 19, 62, 1, 1);
INSERT INTO `tbl_pejabat` VALUES (36, 20, 71, 1, 1);
INSERT INTO `tbl_pejabat` VALUES (37, 20, 76, 1, 1);
INSERT INTO `tbl_pejabat` VALUES (38, 21, 70, 1, 1);
INSERT INTO `tbl_pejabat` VALUES (39, 22, 78, 1, 1);
INSERT INTO `tbl_pejabat` VALUES (40, 22, 77, 1, 1);
INSERT INTO `tbl_pejabat` VALUES (41, 29, 65, 1, 1);
INSERT INTO `tbl_pejabat` VALUES (42, 23, 69, 1, 1);
INSERT INTO `tbl_pejabat` VALUES (43, NULL, 0, 1, 1);
INSERT INTO `tbl_pejabat` VALUES (44, NULL, 96, 1, 1);

-- ----------------------------
-- Table structure for user_groups
-- ----------------------------
DROP TABLE IF EXISTS `user_groups`;
CREATE TABLE `user_groups`  (
  `id` int NOT NULL AUTO_INCREMENT,
  `user_id` int NULL DEFAULT NULL,
  `id_group` int NULL DEFAULT NULL,
  `company_id` int NULL DEFAULT NULL,
  `active` enum('N','Y') CHARACTER SET utf8 COLLATE utf8_general_ci NULL DEFAULT 'Y',
  `default` enum('N','Y') CHARACTER SET utf8 COLLATE utf8_general_ci NULL DEFAULT 'N',
  PRIMARY KEY (`id`) USING BTREE
) ENGINE = InnoDB AUTO_INCREMENT = 8 CHARACTER SET = utf8 COLLATE = utf8_general_ci ROW_FORMAT = DYNAMIC;

-- ----------------------------
-- Records of user_groups
-- ----------------------------
INSERT INTO `user_groups` VALUES (1, 2, 2, 1, 'Y', 'Y');
INSERT INTO `user_groups` VALUES (2, 3, 2, 1, 'Y', 'Y');
INSERT INTO `user_groups` VALUES (3, 4, 2, 1, 'Y', 'Y');
INSERT INTO `user_groups` VALUES (4, 5, 2, 1, 'Y', 'Y');
INSERT INTO `user_groups` VALUES (5, 6, 2, 2, 'Y', 'Y');
INSERT INTO `user_groups` VALUES (6, 8, NULL, 2, 'Y', 'Y');
INSERT INTO `user_groups` VALUES (7, 9, 2, 2, 'Y', 'Y');

-- ----------------------------
-- Table structure for user_roles
-- ----------------------------
DROP TABLE IF EXISTS `user_roles`;
CREATE TABLE `user_roles`  (
  `id` int NOT NULL AUTO_INCREMENT,
  `role` varchar(255) CHARACTER SET utf8mb4 COLLATE utf8mb4_general_ci NULL DEFAULT NULL,
  PRIMARY KEY (`id`) USING BTREE
) ENGINE = InnoDB AUTO_INCREMENT = 3 CHARACTER SET = utf8mb4 COLLATE = utf8mb4_general_ci ROW_FORMAT = Dynamic;

-- ----------------------------
-- Records of user_roles
-- ----------------------------
INSERT INTO `user_roles` VALUES (1, 'admin');
INSERT INTO `user_roles` VALUES (2, 'user');

-- ----------------------------
-- Table structure for users
-- ----------------------------
DROP TABLE IF EXISTS `users`;
CREATE TABLE `users`  (
  `id_user` int NOT NULL AUTO_INCREMENT,
  `employee_id` varchar(15) CHARACTER SET latin1 COLLATE latin1_swedish_ci NULL DEFAULT NULL,
  `username` varchar(45) CHARACTER SET latin1 COLLATE latin1_swedish_ci NULL DEFAULT NULL,
  `password` varchar(100) CHARACTER SET latin1 COLLATE latin1_swedish_ci NULL DEFAULT NULL,
  `email` varchar(100) CHARACTER SET latin1 COLLATE latin1_swedish_ci NULL DEFAULT NULL,
  `full_name` varchar(100) CHARACTER SET latin1 COLLATE latin1_swedish_ci NULL DEFAULT NULL,
  `address` varchar(255) CHARACTER SET latin1 COLLATE latin1_swedish_ci NULL DEFAULT NULL,
  `city` varchar(20) CHARACTER SET latin1 COLLATE latin1_swedish_ci NULL DEFAULT NULL,
  `phone` varchar(20) CHARACTER SET latin1 COLLATE latin1_swedish_ci NULL DEFAULT NULL,
  `ip` varchar(45) CHARACTER SET latin1 COLLATE latin1_swedish_ci NULL DEFAULT NULL,
  `photo` varchar(255) CHARACTER SET latin1 COLLATE latin1_swedish_ci NULL DEFAULT NULL,
  `created_by` int NULL DEFAULT NULL,
  `created_at` datetime NULL DEFAULT NULL,
  `modified_at` datetime NULL DEFAULT NULL,
  `modified_by` int NULL DEFAULT NULL,
  `deleted_at` datetime NULL DEFAULT NULL,
  `deleted_by` int NULL DEFAULT 0,
  `last_login` datetime NULL DEFAULT NULL,
  `status` enum('ACT','NAC','DEL') CHARACTER SET latin1 COLLATE latin1_swedish_ci NULL DEFAULT 'ACT' COMMENT '0 = Tidak Aktif\n1 = Aktif',
  PRIMARY KEY (`id_user`) USING BTREE
) ENGINE = InnoDB AUTO_INCREMENT = 10 CHARACTER SET = latin1 COLLATE = latin1_swedish_ci ROW_FORMAT = DYNAMIC;

-- ----------------------------
-- Records of users
-- ----------------------------
INSERT INTO `users` VALUES (1, NULL, 'admin', '$2y$11$0U2vzJiZF2iA8jrSHwK2bexLgx6h5HoIj5h4wrYiVqTpVijSaZ3AC', 'admin70g7a@gmail.com', 'Administrator', 'bgr', 'bogor', '085', '36.70.16.236', NULL, 1, '2016-09-28 05:47:57', NULL, NULL, NULL, 0, '2021-10-09 11:40:13', 'ACT');
INSERT INTO `users` VALUES (2, NULL, 'hikmat', '$2y$11$0U2vzJiZF2iA8jrSHwK2bexLgx6h5HoIj5h4wrYiVqTpVijSaZ3AC', 'hikmat.aoliar@gmail.com', 'Hikmat Aolia', 'Jl. Langgar I no.7 RT/RW 10/08, Pisangan Timur, Pulogadung-Jakarta Timur 29230', 'Jakarta Timur', '081317494385', '127.0.0.1', 'male-def.png', 1, '2021-06-18 14:25:00', NULL, NULL, NULL, 0, '2022-08-08 09:12:33', 'ACT');
INSERT INTO `users` VALUES (3, NULL, 'Cindy T', '$2y$11$kU6yD4.Z0MMpMkAozq/bgukIXH/HIUR9JMN6AhgJKz7cFq.LZ4w.u', 'temesvaricindy@gmail.com', 'Cindy Temesvari', 'Jorong Guguak Tinggi, Guguak Tabek Sarojo, Kec. IV Koto Kab. Agam', 'Bukittinggi', '0822-8407-5626', '127.0.0.1', 'avatar.png', 1, '2022-04-06 15:04:42', NULL, NULL, NULL, 0, '2022-07-26 17:06:21', 'ACT');
INSERT INTO `users` VALUES (4, NULL, 'iman', '$2y$11$wIDMNZ95kGayBG5tpWQFO.mLzwc1IGStAkM6uTUrMjqkmiy5VDrNS', 'imanuelssccc@gmail.com', 'Imanuel Iman', 'Cluster Taman Puri blok B no.14 Jl. Cemerlang RT006/002 Jati bening baru, pondok gede', 'Bekasi', '0811823604', '127.0.0.1', NULL, 1, '2021-06-18 14:21:54', NULL, NULL, NULL, 0, '2022-07-07 19:03:31', 'ACT');
INSERT INTO `users` VALUES (5, NULL, 'test', '$2y$10$PAwgoC63Aet5wevpmHAocOjJEcXfnc4MWqa7c4OYHrfio1lfnVhQ6', 'test@mail.com', 'Test User', 'Jakarta', 'Jakarta', '0902934881', '127.0.0.1', NULL, 2, '2022-08-04 16:13:34', '2022-08-04 16:32:07', 2, NULL, 0, '2022-08-08 10:40:28', 'ACT');
INSERT INTO `users` VALUES (6, NULL, 'mia', '$2y$10$.QX71Q.0cPIJkwYzRXY2EueQhMzz/kAzxNiARxa5.Mctsa1RzrLcm', 'mia@sentralsistem.com', 'Mia', '-', '-', '-', '127.0.0.1', NULL, 2, '2022-08-08 09:21:57', NULL, NULL, NULL, 0, '2022-08-08 10:42:49', 'ACT');
INSERT INTO `users` VALUES (8, NULL, 'aas', '$2y$10$9wg9i3SdI75ucjS/SXsAW.98BHhqE6KVaIBURGfBFZU.6RPwjUlmS', 'sd', 'aa', 'sd', 'sd', 'sd', '127.0.0.1', NULL, 6, '2022-08-08 10:44:18', NULL, NULL, NULL, 0, NULL, 'ACT');
INSERT INTO `users` VALUES (9, NULL, 'aaa', '$2y$10$E42z2n6/dxtqmptJoQVQHOdwPPGFhl7iA7lQJGK2SujHdGQKv3RLC', 'sda', 'ssd', 'sd', 'ssd', 'sda', '127.0.0.1', NULL, 6, '2022-08-08 10:47:15', NULL, NULL, NULL, 0, NULL, 'ACT');

-- ----------------------------
-- View structure for view_assign_company
-- ----------------------------
DROP VIEW IF EXISTS `view_assign_company`;
CREATE ALGORITHM = UNDEFINED SQL SECURITY DEFINER VIEW `view_assign_company` AS select `assign_company`.`id` AS `id`,`assign_company`.`user_id` AS `user_id`,`users`.`username` AS `username`,`users`.`full_name` AS `full_name`,`assign_company`.`company_id` AS `company_id`,`companies`.`inisial` AS `inisial`,`companies`.`nm_perusahaan` AS `nm_perusahaan`,`assign_company`.`status` AS `status`,`assign_company`.`default` AS `default` from ((`assign_company` join `companies` on((`assign_company`.`company_id` = `companies`.`id_perusahaan`))) join `users` on((`assign_company`.`user_id` = `users`.`id_user`)));

-- ----------------------------
-- View structure for view_directories
-- ----------------------------
DROP VIEW IF EXISTS `view_directories`;
CREATE ALGORITHM = UNDEFINED SQL SECURITY DEFINER VIEW `view_directories` AS select `directory`.`id` AS `id`,`directory`.`parent_id` AS `parent_id`,`directory`.`name` AS `name`,`directory`.`description` AS `description`,`directory`.`flag_type` AS `flag_type`,`directory`.`link` AS `link`,`directory`.`doc` AS `doc`,`directory`.`file_name` AS `file_name`,`directory`.`ext` AS `ext`,`directory`.`active` AS `active`,`directory`.`size` AS `size`,`directory`.`flag_record` AS `flag_record`,`directory`.`company_id` AS `company_id`,`directory`.`prepared_by` AS `prepared_by`,`directory`.`reviewer_id` AS `reviewer_id`,`directory`.`approval_id` AS `approval_id`,`directory`.`distribute_id` AS `distribute_id`,`directory`.`status` AS `status`,`directory`.`reviewed_by` AS `reviewed_by`,`directory`.`reviewed_at` AS `reviewed_at`,`directory`.`approved_by` AS `approved_by`,`directory`.`approved_at` AS `approved_at`,`directory`.`picture` AS `picture`,`directory`.`created_by` AS `created_by`,`directory`.`created_at` AS `created_at`,`directory`.`modified_by` AS `modified_by`,`directory`.`modified_at` AS `modified_at`,`users`.`full_name` AS `full_name`,`user_mod`.`full_name` AS `user_mod_name` from ((`directory` left join `users` on((`directory`.`created_by` = `users`.`id_user`))) left join `users` `user_mod` on((`directory`.`modified_by` = `user_mod`.`id_user`)));

-- ----------------------------
-- View structure for view_user_pejabat
-- ----------------------------
DROP VIEW IF EXISTS `view_user_pejabat`;
CREATE ALGORITHM = UNDEFINED SQL SECURITY DEFINER VIEW `view_user_pejabat` AS select `tbl_jabatan`.`id` AS `id`,`tbl_jabatan`.`nm_jabatan` AS `nm_jabatan`,`tbl_pejabat`.`id_user` AS `id_user`,`users`.`nm_lengkap` AS `nm_lengkap`,`tbl_pejabat`.`id_perusahaan` AS `id_perusahaan`,`tbl_pejabat`.`id_cabang` AS `id_cabang` from ((`tbl_pejabat` left join `tbl_jabatan` on((`tbl_jabatan`.`id` = `tbl_pejabat`.`id_jabatan`))) left join `users` on((`tbl_pejabat`.`id_user` = `users`.`id_user`)));

-- ----------------------------
-- View structure for view_users
-- ----------------------------
DROP VIEW IF EXISTS `view_users`;
CREATE ALGORITHM = UNDEFINED SQL SECURITY DEFINER VIEW `view_users` AS select `users`.`id_user` AS `id_user`,`user_groups`.`id_group` AS `id_group`,`user_groups`.`company_id` AS `company_id`,`users`.`employee_id` AS `employee_id`,`users`.`username` AS `username`,`users`.`password` AS `password`,`users`.`email` AS `email`,`users`.`full_name` AS `full_name`,`users`.`address` AS `address`,`users`.`city` AS `city`,`users`.`phone` AS `phone`,`users`.`ip` AS `ip`,`users`.`photo` AS `photo`,`users`.`created_by` AS `created_by`,`users`.`created_at` AS `created_at`,`users`.`modified_at` AS `modified_at`,`users`.`modified_by` AS `modified_by`,`users`.`deleted_at` AS `deleted_at`,`users`.`deleted_by` AS `deleted_by`,`users`.`last_login` AS `last_login`,`users`.`status` AS `status`,`user_groups`.`default` AS `default` from (`users` join `user_groups` on((`users`.`id_user` = `user_groups`.`user_id`)));

SET FOREIGN_KEY_CHECKS = 1;
